id,archetype_id,name,price_multiplier_mean,price_multiplier_stdev,pixabay_term,characteristics,weights
1,1,Margherita,0.83,0.1,pizza margherita,"{""flavor_umami"": 0.7, ""flavor_saltiness"": 0.6, ""texture_chewy"": 0.6, ""texture_crispy"": 0.7, ""physics_richness"": 0.7, ""physics_temperature"": 0.8, ""flavor_sweetness"": 0.5, ""flavor_bitterness"": 0.5, ""flavor_spiciness"": 0.5, ""flavor_sourness"": 0.5, ""texture_creamy"": 0.5, ""physics_freshness"": 0.5, ""context_price_sensitivity"": 0.5, ""context_portion_preference"": 0.5}","{""flavor_spiciness"": 1.5, ""physics_richness"": 1.3, ""physics_temperature"": 0.1, ""flavor_sweetness"": 0.5, ""_default"": 1.0}"
2,1,Hawajska,1.0,0.1,hawaiian pizza,"{""flavor_umami"": 0.7, ""flavor_saltiness"": 0.6, ""texture_chewy"": 0.6, ""texture_crispy"": 0.7, ""physics_richness"": 0.7, ""physics_temperature"": 0.8, ""flavor_sweetness"": 0.8, ""flavor_bitterness"": 0.5, ""flavor_spiciness"": 0.5, ""flavor_sourness"": 0.5, ""texture_creamy"": 0.5, ""physics_freshness"": 0.5, ""context_price_sensitivity"": 0.5, ""context_portion_preference"": 0.5}","{""flavor_spiciness"": 1.5, ""physics_richness"": 1.3, ""physics_temperature"": 0.1, ""flavor_sweetness"": 0.5, ""_default"": 1.0}"
3,1,Chorizo,1.07,0.133,chorizo pizza,"{""flavor_umami"": 0.7, ""flavor_saltiness"": 0.6, ""texture_chewy"": 0.6, ""texture_crispy"": 0.7, ""physics_richness"": 0.7, ""physics_temperature"": 0.8, ""flavor_sweetness"": 0.5, ""flavor_bitterness"": 0.5, ""flavor_spiciness"": 0.5, ""flavor_sourness"": 0.5, ""texture_creamy"": 0.5, ""physics_freshness"": 0.5, ""context_price_sensitivity"": 0.5, ""context_portion_preference"": 0.5}","{""flavor_spiciness"": 1.5, ""physics_richness"": 1.3, ""physics_temperature"": 0.1, ""flavor_sweetness"": 0.5, ""_default"": 1.0}"
4,1,Pepperoni,1.05,0.1,pepperoni pizza,"{""flavor_umami"": 0.7, ""flavor_saltiness"": 0.6, ""texture_chewy"": 0.6, ""texture_crispy"": 0.7, ""physics_richness"": 0.7, ""physics_temperature"": 0.8, ""flavor_sweetness"": 0.5, ""flavor_bitterness"": 0.5, ""flavor_spiciness"": 0.5, ""flavor_sourness"": 0.5, ""texture_creamy"": 0.5, ""physics_freshness"": 0.5, ""context_price_sensitivity"": 0.5, ""context_portion_preference"": 0.5}","{""flavor_spiciness"": 1.5, ""physics_richness"": 1.3, ""physics_temperature"": 0.1, ""flavor_sweetness"": 0.5, ""_default"": 1.0}"
5,1,BBQ Chicken,1.2,0.1,pizza with chicken,"{""flavor_umami"": 0.7, ""flavor_saltiness"": 0.6, ""texture_chewy"": 0.6, ""texture_crispy"": 0.7, ""physics_richness"": 0.7, ""physics_temperature"": 0.8, ""flavor_sweetness"": 0.5, ""flavor_bitterness"": 0.5, ""flavor_spiciness"": 0.5, ""flavor_sourness"": 0.5, ""texture_creamy"": 0.5, ""physics_freshness"": 0.5, ""context_price_sensitivity"": 0.5, ""context_portion_preference"": 0.5}","{""flavor_spiciness"": 1.5, ""physics_richness"": 1.3, ""physics_temperature"": 0.1, ""flavor_sweetness"": 0.5, ""_default"": 1.0}"
6,1,Calzone Klasyczne,1.0,0.133,calzone pizza,"{""flavor_umami"": 0.7, ""flavor_saltiness"": 0.6, ""texture_chewy"": 0.6, ""texture_crispy"": 0.7, ""physics_richness"": 0.7, ""physics_temperature"": 0.8, ""flavor_sweetness"": 0.5, ""flavor_bitterness"": 0.5, ""flavor_spiciness"": 0.5, ""flavor_sourness"": 0.5, ""texture_creamy"": 0.5, ""physics_freshness"": 0.5, ""context_price_sensitivity"": 0.5, ""context_portion_preference"": 0.5}","{""flavor_spiciness"": 1.5, ""physics_richness"": 1.3, ""physics_temperature"": 0.1, ""flavor_sweetness"": 0.5, ""_default"": 1.0}"
7,1,Quattro Formaggi,1.15,0.1,four cheese pizza,"{""flavor_umami"": 0.7, ""flavor_saltiness"": 0.6, ""texture_chewy"": 0.6, ""texture_crispy"": 0.7, ""physics_richness"": 0.7, ""physics_temperature"": 0.8, ""flavor_sweetness"": 0.5, ""flavor_bitterness"": 0.5, ""flavor_spiciness"": 0.5, ""flavor_sourness"": 0.5, ""texture_creamy"": 0.5, ""physics_freshness"": 0.5, ""context_price_sensitivity"": 0.5, ""context_portion_preference"": 0.5}","{""flavor_spiciness"": 1.5, ""physics_richness"": 1.3, ""physics_temperature"": 0.1, ""flavor_sweetness"": 0.5, ""_default"": 1.0}"
8,1,Diavola,1.1,0.1,spicy pizza salami,"{""flavor_umami"": 0.7, ""flavor_saltiness"": 0.6, ""texture_chewy"": 0.6, ""texture_crispy"": 0.7, ""physics_richness"": 0.7, ""physics_temperature"": 0.8, ""flavor_sweetness"": 0.5, ""flavor_bitterness"": 0.5, ""flavor_spiciness"": 1.0, ""flavor_sourness"": 0.5, ""texture_creamy"": 0.5, ""physics_freshness"": 0.5, ""context_price_sensitivity"": 0.5, ""context_portion_preference"": 0.5}","{""flavor_spiciness"": 1.5, ""physics_richness"": 1.3, ""physics_temperature"": 0.1, ""flavor_sweetness"": 0.5, ""_default"": 1.0}"
9,1,Vegetariana,0.95,0.1,vegetarian pizza,"{""flavor_umami"": 0.7, ""flavor_saltiness"": 0.6, ""texture_chewy"": 0.6, ""texture_crispy"": 0.7, ""physics_richness"": 0.3, ""physics_temperature"": 0.8, ""flavor_sweetness"": 0.5, ""flavor_bitterness"": 0.5, ""flavor_spiciness"": 0.5, ""flavor_sourness"": 0.5, ""texture_creamy"": 0.5, ""physics_freshness"": 0.7, ""context_price_sensitivity"": 0.5, ""context_portion_preference"": 0.5}","{""flavor_spiciness"": 1.5, ""physics_richness"": 1.3, ""physics_temperature"": 0.1, ""flavor_sweetness"": 0.5, ""_default"": 1.0}"
10,1,Prosciutto e Funghi,1.1,0.1,pizza prosciutto mushrooms,"{""flavor_umami"": 0.7, ""flavor_saltiness"": 0.6, ""texture_chewy"": 0.6, ""texture_crispy"": 0.7, ""physics_richness"": 0.7, ""physics_temperature"": 0.8, ""flavor_sweetness"": 0.5, ""flavor_bitterness"": 0.5, ""flavor_spiciness"": 0.5, ""flavor_sourness"": 0.5, ""texture_creamy"": 0.5, ""physics_freshness"": 0.5, ""context_price_sensitivity"": 0.5, ""context_portion_preference"": 0.5}","{""flavor_spiciness"": 1.5, ""physics_richness"": 1.3, ""physics_temperature"": 0.1, ""flavor_sweetness"": 0.5, ""_default"": 1.0}"
11,1,Capricciosa,1.15,0.1,pizza capricciosa,"{""flavor_umami"": 0.7, ""flavor_saltiness"": 0.6, ""texture_chewy"": 0.6, ""texture_crispy"": 0.7, ""physics_richness"": 0.7, ""physics_temperature"": 0.8, ""flavor_sweetness"": 0.5, ""flavor_bitterness"": 0.5, ""flavor_spiciness"": 0.5, ""flavor_sourness"": 0.5, ""texture_creamy"": 0.5, ""physics_freshness"": 0.5, ""context_price_sensitivity"": 0.5, ""context_portion_preference"": 0.5}","{""flavor_spiciness"": 1.5, ""physics_richness"": 1.3, ""physics_temperature"": 0.1, ""flavor_sweetness"": 0.5, ""_default"": 1.0}"
12,1,Funghi,0.9,0.1,mushroom pizza,"{""flavor_umami"": 0.7, ""flavor_saltiness"": 0.6, ""texture_chewy"": 0.6, ""texture_crispy"": 0.7, ""physics_richness"": 0.7, ""physics_temperature"": 0.8, ""flavor_sweetness"": 0.5, ""flavor_bitterness"": 0.5, ""flavor_spiciness"": 0.5, ""flavor_sourness"": 0.5, ""texture_creamy"": 0.5, ""physics_freshness"": 0.5, ""context_price_sensitivity"": 0.5, ""context_portion_preference"": 0.5}","{""flavor_spiciness"": 1.5, ""physics_richness"": 1.3, ""physics_temperature"": 0.1, ""flavor_sweetness"": 0.5, ""_default"": 1.0}"
13,2,Burger Klasyczny,0.83,0.1,classic burger,"{""flavor_umami"": 0.8, ""flavor_saltiness"": 0.6, ""texture_chewy"": 0.5, ""physics_richness"": 1.0, ""physics_temperature"": 0.9, ""context_portion_preference"": 0.8, ""flavor_sweetness"": 0.5, ""flavor_bitterness"": 0.5, ""flavor_spiciness"": 0.5, ""flavor_sourness"": 0.5, ""texture_crispy"": 0.5, ""texture_creamy"": 0.5, ""physics_freshness"": 0.5, ""context_price_sensitivity"": 0.5}","{""flavor_spiciness"": 1.4, ""physics_richness"": 1.5, ""physics_temperature"": 0.1, ""flavor_sweetness"": 0.4, ""_default"": 1.0}"
14,2,Cheeseburger,0.93,0.1,cheeseburger,"{""flavor_umami"": 0.8, ""flavor_saltiness"": 0.6, ""texture_chewy"": 0.5, ""physics_richness"": 1.0, ""physics_temperature"": 0.9, ""context_portion_preference"": 0.8, ""flavor_sweetness"": 0.5, ""flavor_bitterness"": 0.5, ""flavor_spiciness"": 0.5, ""flavor_sourness"": 0.5, ""texture_crispy"": 0.5, ""texture_creamy"": 0.9, ""physics_freshness"": 0.5, ""context_price_sensitivity"": 0.5}","{""flavor_spiciness"": 1.4, ""physics_richness"": 1.5, ""physics_temperature"": 0.1, ""flavor_sweetness"": 0.4, ""_default"": 1.0}"
15,2,Burger z Bekonem,1.07,0.133,bacon burger,"{""flavor_umami"": 1.0, ""flavor_saltiness"": 0.6, ""texture_chewy"": 0.5, ""physics_richness"": 1.0, ""physics_temperature"": 0.9, ""context_portion_preference"": 0.8, ""flavor_sweetness"": 0.5, ""flavor_bitterness"": 0.5, ""flavor_spiciness"": 0.5, ""flavor_sourness"": 0.5, ""texture_crispy"": 0.5, ""texture_creamy"": 0.5, ""physics_freshness"": 0.5, ""context_price_sensitivity"": 0.5}","{""flavor_spiciness"": 1.4, ""physics_richness"": 1.5, ""physics_temperature"": 0.1, ""flavor_sweetness"": 0.4, ""_default"": 1.0}"
16,2,Burger Pikantny,1.0,0.1,spicy burger,"{""flavor_umami"": 0.8, ""flavor_saltiness"": 0.6, ""texture_chewy"": 0.5, ""physics_richness"": 1.0, ""physics_temperature"": 0.9, ""context_portion_preference"": 0.8, ""flavor_sweetness"": 0.5, ""flavor_bitterness"": 0.5, ""flavor_spiciness"": 1.0, ""flavor_sourness"": 0.5, ""texture_crispy"": 0.5, ""texture_creamy"": 0.5, ""physics_freshness"": 0.5, ""context_price_sensitivity"": 0.5}","{""flavor_spiciness"": 1.4, ""physics_richness"": 1.5, ""physics_temperature"": 0.1, ""flavor_sweetness"": 0.4, ""_default"": 1.0}"
17,2,Burger Wegański,1.0,0.133,vegan burger,"{""flavor_umami"": 0.8, ""flavor_saltiness"": 0.6, ""texture_chewy"": 0.5, ""physics_richness"": 1.0, ""physics_temperature"": 0.9, ""context_portion_preference"": 0.8, ""flavor_sweetness"": 0.5, ""flavor_bitterness"": 0.5, ""flavor_spiciness"": 0.5, ""flavor_sourness"": 0.5, ""texture_crispy"": 0.5, ""texture_creamy"": 0.5, ""physics_freshness"": 0.5, ""context_price_sensitivity"": 0.5}","{""flavor_spiciness"": 1.4, ""physics_richness"": 1.5, ""physics_temperature"": 0.1, ""flavor_sweetness"": 0.4, ""_default"": 1.0}"
18,2,BBQ Burger,1.2,0.1,bbq burger,"{""flavor_umami"": 0.8, ""flavor_saltiness"": 0.6, ""texture_chewy"": 0.5, ""physics_richness"": 1.0, ""physics_temperature"": 0.9, ""context_portion_preference"": 0.8, ""flavor_sweetness"": 0.5, ""flavor_bitterness"": 0.5, ""flavor_spiciness"": 0.5, ""flavor_sourness"": 0.5, ""texture_crispy"": 0.5, ""texture_creamy"": 0.5, ""physics_freshness"": 0.5, ""context_price_sensitivity"": 0.5}","{""flavor_spiciness"": 1.4, ""physics_richness"": 1.5, ""physics_temperature"": 0.1, ""flavor_sweetness"": 0.4, ""_default"": 1.0}"
19,2,Mushroom Swiss,1.15,0.1,burger,"{""flavor_umami"": 1.0, ""flavor_saltiness"": 0.6, ""texture_chewy"": 0.5, ""physics_richness"": 0.8, ""physics_temperature"": 0.8, ""context_portion_preference"": 0.8, ""flavor_sweetness"": 0.5, ""flavor_bitterness"": 0.5, ""flavor_spiciness"": 0.5, ""flavor_sourness"": 0.5, ""texture_crispy"": 0.5, ""texture_creamy"": 0.5, ""physics_freshness"": 0.5, ""context_price_sensitivity"": 0.5}","{""flavor_spiciness"": 1.4, ""physics_richness"": 1.5, ""physics_temperature"": 0.1, ""flavor_sweetness"": 0.4, ""_default"": 1.0}"
20,2,Double Cheeseburger,1.4,0.1,cheeseburger,"{""flavor_umami"": 0.8, ""flavor_saltiness"": 0.6, ""texture_chewy"": 0.5, ""physics_richness"": 1.0, ""physics_temperature"": 0.9, ""context_portion_preference"": 0.8, ""flavor_sweetness"": 0.5, ""flavor_bitterness"": 0.5, ""flavor_spiciness"": 0.5, ""flavor_sourness"": 0.5, ""texture_crispy"": 0.5, ""texture_creamy"": 0.9, ""physics_freshness"": 0.5, ""context_price_sensitivity"": 0.5}","{""flavor_spiciness"": 1.4, ""physics_richness"": 1.5, ""physics_temperature"": 0.1, ""flavor_sweetness"": 0.4, ""_default"": 1.0}"
21,2,Chicken Burger,1.1,0.1,chicken burger,"{""flavor_umami"": 0.8, ""flavor_saltiness"": 0.6, ""texture_chewy"": 0.5, ""physics_richness"": 1.0, ""physics_temperature"": 0.9, ""context_portion_preference"": 0.8, ""flavor_sweetness"": 0.5, ""flavor_bitterness"": 0.5, ""flavor_spiciness"": 0.5, ""flavor_sourness"": 0.5, ""texture_crispy"": 0.5, ""texture_creamy"": 0.5, ""physics_freshness"": 0.5, ""context_price_sensitivity"": 0.5}","{""flavor_spiciness"": 1.4, ""physics_richness"": 1.5, ""physics_temperature"": 0.1, ""flavor_sweetness"": 0.4, ""_default"": 1.0}"
22,2,Fish Burger,1.25,0.1,fish burger,"{""flavor_umami"": 0.8, ""flavor_saltiness"": 0.6, ""texture_chewy"": 0.5, ""physics_richness"": 1.0, ""physics_temperature"": 0.9, ""context_portion_preference"": 0.8, ""flavor_sweetness"": 0.5, ""flavor_bitterness"": 0.5, ""flavor_spiciness"": 0.5, ""flavor_sourness"": 0.5, ""texture_crispy"": 0.5, ""texture_creamy"": 0.5, ""physics_freshness"": 0.5, ""context_price_sensitivity"": 0.5}","{""flavor_spiciness"": 1.4, ""physics_richness"": 1.5, ""physics_temperature"": 0.1, ""flavor_sweetness"": 0.4, ""_default"": 1.0}"
23,3,Kebab Klasyczny,1.23,0.15,doner kebab meat,"{""flavor_saltiness"": 0.8, ""physics_richness"": 0.8, ""flavor_umami"": 0.7, ""context_price_sensitivity"": 0.9, ""physics_temperature"": 0.8, ""flavor_sweetness"": 0.5, ""flavor_bitterness"": 0.5, ""flavor_spiciness"": 0.5, ""flavor_sourness"": 0.5, ""texture_crispy"": 0.5, ""texture_creamy"": 0.5, ""texture_chewy"": 0.5, ""physics_freshness"": 0.5, ""context_portion_preference"": 0.5}","{""flavor_spiciness"": 1.5, ""physics_richness"": 1.3, ""physics_temperature"": 0.4, ""_default"": 1.0}"
24,3,Kebab w Bułce,0.69,0.115,doner kebab sandwich,"{""flavor_saltiness"": 0.8, ""physics_richness"": 0.8, ""flavor_umami"": 0.7, ""context_price_sensitivity"": 0.9, ""physics_temperature"": 0.8, ""flavor_sweetness"": 0.5, ""flavor_bitterness"": 0.5, ""flavor_spiciness"": 0.5, ""flavor_sourness"": 0.5, ""texture_crispy"": 0.5, ""texture_creamy"": 0.5, ""texture_chewy"": 0.5, ""physics_freshness"": 0.5, ""context_portion_preference"": 0.5}","{""flavor_spiciness"": 1.5, ""physics_richness"": 1.3, ""physics_temperature"": 0.4, ""_default"": 1.0}"
25,3,Kebab Box,0.85,0.115,kebab box,"{""flavor_saltiness"": 0.8, ""physics_richness"": 0.8, ""flavor_umami"": 0.7, ""context_price_sensitivity"": 0.9, ""physics_temperature"": 0.8, ""flavor_sweetness"": 0.5, ""flavor_bitterness"": 0.5, ""flavor_spiciness"": 0.5, ""flavor_sourness"": 0.5, ""texture_crispy"": 0.5, ""texture_creamy"": 0.5, ""texture_chewy"": 0.5, ""physics_freshness"": 0.5, ""context_portion_preference"": 0.5}","{""flavor_spiciness"": 1.5, ""physics_richness"": 1.3, ""physics_temperature"": 0.4, ""_default"": 1.0}"
26,3,Döner Kebab,1.0,0.115,doner kebab,"{""flavor_saltiness"": 0.8, ""physics_richness"": 0.8, ""flavor_umami"": 0.7, ""context_price_sensitivity"": 0.9, ""physics_temperature"": 0.8, ""flavor_sweetness"": 0.5, ""flavor_bitterness"": 0.5, ""flavor_spiciness"": 0.5, ""flavor_sourness"": 0.5, ""texture_crispy"": 0.5, ""texture_creamy"": 0.5, ""texture_chewy"": 0.5, ""physics_freshness"": 0.5, ""context_portion_preference"": 0.5}","{""flavor_spiciness"": 1.5, ""physics_richness"": 1.3, ""physics_temperature"": 0.4, ""_default"": 1.0}"
27,3,Adana Kebab,1.15,0.15,adana kebab,"{""flavor_saltiness"": 0.8, ""physics_richness"": 0.8, ""flavor_umami"": 0.7, ""context_price_sensitivity"": 0.9, ""physics_temperature"": 0.8, ""flavor_sweetness"": 0.5, ""flavor_bitterness"": 0.5, ""flavor_spiciness"": 0.5, ""flavor_sourness"": 0.5, ""texture_crispy"": 0.5, ""texture_creamy"": 0.5, ""texture_chewy"": 0.5, ""physics_freshness"": 0.5, ""context_portion_preference"": 0.5}","{""flavor_spiciness"": 1.5, ""physics_richness"": 1.3, ""physics_temperature"": 0.4, ""_default"": 1.0}"
28,3,Shawarma,1.08,0.115,shawarma,"{""flavor_saltiness"": 0.8, ""physics_richness"": 0.8, ""flavor_umami"": 0.7, ""context_price_sensitivity"": 0.9, ""physics_temperature"": 0.8, ""flavor_sweetness"": 0.5, ""flavor_bitterness"": 0.5, ""flavor_spiciness"": 0.5, ""flavor_sourness"": 0.5, ""texture_crispy"": 0.5, ""texture_creamy"": 0.5, ""texture_chewy"": 0.5, ""physics_freshness"": 0.5, ""context_portion_preference"": 0.5}","{""flavor_spiciness"": 1.5, ""physics_richness"": 1.3, ""physics_temperature"": 0.4, ""_default"": 1.0}"
29,3,Gyros,1.0,0.115,greek gyros,"{""flavor_saltiness"": 0.8, ""physics_richness"": 0.8, ""flavor_umami"": 0.7, ""context_price_sensitivity"": 0.9, ""physics_temperature"": 0.8, ""flavor_sweetness"": 0.5, ""flavor_bitterness"": 0.5, ""flavor_spiciness"": 0.5, ""flavor_sourness"": 0.5, ""texture_crispy"": 0.5, ""texture_creamy"": 0.5, ""texture_chewy"": 0.5, ""physics_freshness"": 0.5, ""context_portion_preference"": 0.5}","{""flavor_spiciness"": 1.5, ""physics_richness"": 1.3, ""physics_temperature"": 0.4, ""_default"": 1.0}"
30,4,Frytki Klasyczne,0.83,0.15,french fries portion,"{""flavor_saltiness"": 0.9, ""texture_crispy"": 1.0, ""physics_richness"": 1.0, ""physics_temperature"": 0.8, ""flavor_sweetness"": 0.5, ""flavor_bitterness"": 0.5, ""flavor_spiciness"": 0.5, ""flavor_umami"": 0.5, ""flavor_sourness"": 0.5, ""texture_creamy"": 0.5, ""texture_chewy"": 0.5, ""physics_freshness"": 0.5, ""context_price_sensitivity"": 0.5, ""context_portion_preference"": 0.5}","{""texture_crispy"": 1.5, ""physics_temperature"": 0.3, ""flavor_saltiness"": 1.3, ""_default"": 1.0}"
31,4,Frytki z Batatów,1.17,0.15,sweet potato fries bowl,"{""flavor_saltiness"": 0.9, ""texture_crispy"": 1.0, ""physics_richness"": 1.0, ""physics_temperature"": 0.8, ""flavor_sweetness"": 0.5, ""flavor_bitterness"": 0.5, ""flavor_spiciness"": 0.5, ""flavor_umami"": 0.5, ""flavor_sourness"": 0.5, ""texture_creamy"": 0.5, ""texture_chewy"": 0.5, ""physics_freshness"": 0.5, ""context_price_sensitivity"": 0.5, ""context_portion_preference"": 0.5}","{""texture_crispy"": 1.5, ""physics_temperature"": 0.3, ""flavor_saltiness"": 1.3, ""_default"": 1.0}"
32,4,Frytki z Serem i Bekonem,1.3,0.1,loaded fries cheese bacon,"{""flavor_saltiness"": 0.9, ""texture_crispy"": 1.0, ""physics_richness"": 1.0, ""physics_temperature"": 0.8, ""flavor_sweetness"": 0.5, ""flavor_bitterness"": 0.5, ""flavor_spiciness"": 0.5, ""flavor_umami"": 0.8, ""flavor_sourness"": 0.5, ""texture_creamy"": 0.9, ""texture_chewy"": 0.5, ""physics_freshness"": 0.5, ""context_price_sensitivity"": 0.5, ""context_portion_preference"": 0.5}","{""texture_crispy"": 1.5, ""physics_temperature"": 0.3, ""flavor_saltiness"": 1.3, ""_default"": 1.0}"
33,4,Frytki Pikantne,1.15,0.1,spicy fries portion,"{""flavor_saltiness"": 0.9, ""texture_crispy"": 1.0, ""physics_richness"": 1.0, ""physics_temperature"": 0.8, ""flavor_sweetness"": 0.5, ""flavor_bitterness"": 0.5, ""flavor_spiciness"": 1.0, ""flavor_umami"": 0.5, ""flavor_sourness"": 0.5, ""texture_creamy"": 0.5, ""texture_chewy"": 0.5, ""physics_freshness"": 0.5, ""context_price_sensitivity"": 0.5, ""context_portion_preference"": 0.5}","{""texture_crispy"": 1.5, ""physics_temperature"": 0.3, ""flavor_saltiness"": 1.3, ""_default"": 1.0}"
34,4,Frytki z Czosnkiem,1.1,0.1,garlic fries,"{""flavor_saltiness"": 0.9, ""texture_crispy"": 1.0, ""physics_richness"": 1.0, ""physics_temperature"": 0.8, ""flavor_sweetness"": 0.5, ""flavor_bitterness"": 0.5, ""flavor_spiciness"": 0.5, ""flavor_umami"": 0.5, ""flavor_sourness"": 0.5, ""texture_creamy"": 0.5, ""texture_chewy"": 0.5, ""physics_freshness"": 0.5, ""context_price_sensitivity"": 0.5, ""context_portion_preference"": 0.5}","{""texture_crispy"": 1.5, ""physics_temperature"": 0.3, ""flavor_saltiness"": 1.3, ""_default"": 1.0}"
35,4,Frytki Cajun,1.2,0.1,spicy potato wedges,"{""flavor_saltiness"": 0.9, ""texture_crispy"": 1.0, ""physics_richness"": 1.0, ""physics_temperature"": 0.8, ""flavor_sweetness"": 0.5, ""flavor_bitterness"": 0.5, ""flavor_spiciness"": 0.5, ""flavor_umami"": 0.5, ""flavor_sourness"": 0.5, ""texture_creamy"": 0.5, ""texture_chewy"": 0.5, ""physics_freshness"": 0.5, ""context_price_sensitivity"": 0.5, ""context_portion_preference"": 0.5}","{""texture_crispy"": 1.5, ""physics_temperature"": 0.3, ""flavor_saltiness"": 1.3, ""_default"": 1.0}"
36,5,Lody Waniliowe,0.86,0.143,vanilla ice cream,"{""flavor_sweetness"": 1.0, ""texture_creamy"": 0.8, ""physics_temperature"": 0.1, ""physics_richness"": 0.7, ""flavor_bitterness"": 0.5, ""flavor_spiciness"": 0.0, ""flavor_umami"": 0.5, ""flavor_sourness"": 0.5, ""flavor_saltiness"": 0.3, ""texture_crispy"": 0.5, ""texture_chewy"": 0.5, ""physics_freshness"": 0.5, ""context_price_sensitivity"": 0.5, ""context_portion_preference"": 0.5}","{""flavor_sweetness"": 1.5, ""physics_temperature"": 0.1, ""flavor_spiciness"": 0.1, ""flavor_saltiness"": 0.2, ""_default"": 1.0}"
37,5,Lody Czekoladowe,0.86,0.143,chocolate ice cream,"{""flavor_sweetness"": 1.0, ""texture_creamy"": 0.8, ""physics_temperature"": 0.1, ""physics_richness"": 0.7, ""flavor_bitterness"": 0.5, ""flavor_spiciness"": 0.0, ""flavor_umami"": 0.5, ""flavor_sourness"": 0.5, ""flavor_saltiness"": 0.3, ""texture_crispy"": 0.5, ""texture_chewy"": 0.5, ""physics_freshness"": 0.5, ""context_price_sensitivity"": 0.5, ""context_portion_preference"": 0.5}","{""flavor_sweetness"": 1.5, ""physics_temperature"": 0.1, ""flavor_spiciness"": 0.1, ""flavor_saltiness"": 0.2, ""_default"": 1.0}"
38,5,Lody Truskawkowe,0.93,0.143,strawberry ice cream,"{""flavor_sweetness"": 1.0, ""texture_creamy"": 0.8, ""physics_temperature"": 0.1, ""physics_richness"": 0.7, ""flavor_bitterness"": 0.5, ""flavor_spiciness"": 0.0, ""flavor_umami"": 0.5, ""flavor_sourness"": 0.5, ""flavor_saltiness"": 0.3, ""texture_crispy"": 0.5, ""texture_chewy"": 0.5, ""physics_freshness"": 0.5, ""context_price_sensitivity"": 0.5, ""context_portion_preference"": 0.5}","{""flavor_sweetness"": 1.5, ""physics_temperature"": 0.1, ""flavor_spiciness"": 0.1, ""flavor_saltiness"": 0.2, ""_default"": 1.0}"
39,5,Lody Cytrynowe,0.86,0.143,lemon ice cream,"{""flavor_sweetness"": 1.0, ""texture_creamy"": 0.8, ""physics_temperature"": 0.1, ""physics_richness"": 0.7, ""flavor_bitterness"": 0.5, ""flavor_spiciness"": 0.0, ""flavor_umami"": 0.5, ""flavor_sourness"": 0.7, ""flavor_saltiness"": 0.3, ""texture_crispy"": 0.5, ""texture_chewy"": 0.5, ""physics_freshness"": 0.5, ""context_price_sensitivity"": 0.5, ""context_portion_preference"": 0.5}","{""flavor_sweetness"": 1.5, ""physics_temperature"": 0.1, ""flavor_spiciness"": 0.1, ""flavor_saltiness"": 0.2, ""_default"": 1.0}"
40,5,Lody Karmelowe,0.93,0.143,caramel ice cream,"{""flavor_sweetness"": 1.0, ""texture_creamy"": 0.8, ""physics_temperature"": 0.1, ""physics_richness"": 0.7, ""flavor_bitterness"": 0.5, ""flavor_spiciness"": 0.0, ""flavor_umami"": 0.5, ""flavor_sourness"": 0.5, ""flavor_saltiness"": 0.3, ""texture_crispy"": 0.5, ""texture_chewy"": 0.5, ""physics_freshness"": 0.5, ""context_price_sensitivity"": 0.5, ""context_portion_preference"": 0.5}","{""flavor_sweetness"": 1.5, ""physics_temperature"": 0.1, ""flavor_spiciness"": 0.1, ""flavor_saltiness"": 0.2, ""_default"": 1.0}"
41,5,Lody Pistacjowe,1.14,0.143,pistachio ice cream,"{""flavor_sweetness"": 1.0, ""texture_creamy"": 0.8, ""physics_temperature"": 0.1, ""physics_richness"": 0.7, ""flavor_bitterness"": 0.5, ""flavor_spiciness"": 0.0, ""flavor_umami"": 0.5, ""flavor_sourness"": 0.5, ""flavor_saltiness"": 0.3, ""texture_crispy"": 0.5, ""texture_chewy"": 0.5, ""physics_freshness"": 0.5, ""context_price_sensitivity"": 0.5, ""context_portion_preference"": 0.5}","{""flavor_sweetness"": 1.5, ""physics_temperature"": 0.1, ""flavor_spiciness"": 0.1, ""flavor_saltiness"": 0.2, ""_default"": 1.0}"
42,5,Lody Kokosowe,1.0,0.143,coconut ice cream,"{""flavor_sweetness"": 1.0, ""texture_creamy"": 0.8, ""physics_temperature"": 0.1, ""physics_richness"": 0.7, ""flavor_bitterness"": 0.5, ""flavor_spiciness"": 0.0, ""flavor_umami"": 0.5, ""flavor_sourness"": 0.5, ""flavor_saltiness"": 0.3, ""texture_crispy"": 0.5, ""texture_chewy"": 0.5, ""physics_freshness"": 0.5, ""context_price_sensitivity"": 0.5, ""context_portion_preference"": 0.5}","{""flavor_sweetness"": 1.5, ""physics_temperature"": 0.1, ""flavor_spiciness"": 0.1, ""flavor_saltiness"": 0.2, ""_default"": 1.0}"
43,5,Lody Mango,1.0,0.143,mango ice cream,"{""flavor_sweetness"": 1.0, ""texture_creamy"": 0.8, ""physics_temperature"": 0.1, ""physics_richness"": 0.7, ""flavor_bitterness"": 0.5, ""flavor_spiciness"": 0.0, ""flavor_umami"": 0.5, ""flavor_sourness"": 0.5, ""flavor_saltiness"": 0.3, ""texture_crispy"": 0.5, ""texture_chewy"": 0.5, ""physics_freshness"": 0.5, ""context_price_sensitivity"": 0.5, ""context_portion_preference"": 0.5}","{""flavor_sweetness"": 1.5, ""physics_temperature"": 0.1, ""flavor_spiciness"": 0.1, ""flavor_saltiness"": 0.2, ""_default"": 1.0}"
44,5,Lody Malinowe,0.93,0.143,raspberry ice cream,"{""flavor_sweetness"": 1.0, ""texture_creamy"": 0.8, ""physics_temperature"": 0.1, ""physics_richness"": 0.7, ""flavor_bitterness"": 0.5, ""flavor_spiciness"": 0.0, ""flavor_umami"": 0.5, ""flavor_sourness"": 0.5, ""flavor_saltiness"": 0.3, ""texture_crispy"": 0.5, ""texture_chewy"": 0.5, ""physics_freshness"": 0.5, ""context_price_sensitivity"": 0.5, ""context_portion_preference"": 0.5}","{""flavor_sweetness"": 1.5, ""physics_temperature"": 0.1, ""flavor_spiciness"": 0.1, ""flavor_saltiness"": 0.2, ""_default"": 1.0}"
45,5,Lody Orzechowe,1.0,0.143,walnut ice cream,"{""flavor_sweetness"": 1.0, ""texture_creamy"": 0.8, ""physics_temperature"": 0.1, ""physics_richness"": 0.7, ""flavor_bitterness"": 0.5, ""flavor_spiciness"": 0.0, ""flavor_umami"": 0.5, ""flavor_sourness"": 0.5, ""flavor_saltiness"": 0.3, ""texture_crispy"": 0.9, ""texture_chewy"": 0.5, ""physics_freshness"": 0.5, ""context_price_sensitivity"": 0.5, ""context_portion_preference"": 0.5}","{""flavor_sweetness"": 1.5, ""physics_temperature"": 0.1, ""flavor_spiciness"": 0.1, ""flavor_saltiness"": 0.2, ""_default"": 1.0}"
46,5,Lody Orzech Laskowy,1.07,0.143,hazelnut ice cream,"{""flavor_sweetness"": 1.0, ""texture_creamy"": 0.8, ""physics_temperature"": 0.1, ""physics_richness"": 0.7, ""flavor_bitterness"": 0.5, ""flavor_spiciness"": 0.0, ""flavor_umami"": 0.5, ""flavor_sourness"": 0.5, ""flavor_saltiness"": 0.3, ""texture_crispy"": 0.9, ""texture_chewy"": 0.5, ""physics_freshness"": 0.5, ""context_price_sensitivity"": 0.5, ""context_portion_preference"": 0.5}","{""flavor_sweetness"": 1.5, ""physics_temperature"": 0.1, ""flavor_spiciness"": 0.1, ""flavor_saltiness"": 0.2, ""_default"": 1.0}"
47,5,Lody Miętowe,0.93,0.143,mint chocolate chip ice cream,"{""flavor_sweetness"": 1.0, ""texture_creamy"": 0.8, ""physics_temperature"": 0.1, ""physics_richness"": 0.7, ""flavor_bitterness"": 0.5, ""flavor_spiciness"": 0.0, ""flavor_umami"": 0.5, ""flavor_sourness"": 0.5, ""flavor_saltiness"": 0.3, ""texture_crispy"": 0.5, ""texture_chewy"": 0.5, ""physics_freshness"": 0.5, ""context_price_sensitivity"": 0.5, ""context_portion_preference"": 0.5}","{""flavor_sweetness"": 1.5, ""physics_temperature"": 0.1, ""flavor_spiciness"": 0.1, ""flavor_saltiness"": 0.2, ""_default"": 1.0}"
48,5,Lody Solony Karmel,1.0,0.143,salted caramel ice cream,"{""flavor_sweetness"": 1.0, ""texture_creamy"": 0.8, ""physics_temperature"": 0.1, ""physics_richness"": 0.7, ""flavor_bitterness"": 0.5, ""flavor_spiciness"": 0.0, ""flavor_umami"": 0.5, ""flavor_sourness"": 0.5, ""flavor_saltiness"": 0.6, ""texture_crispy"": 0.5, ""texture_chewy"": 0.5, ""physics_freshness"": 0.5, ""context_price_sensitivity"": 0.5, ""context_portion_preference"": 0.5}","{""flavor_sweetness"": 1.5, ""physics_temperature"": 0.1, ""flavor_spiciness"": 0.1, ""flavor_saltiness"": 0.2, ""_default"": 1.0}"
49,5,Lody Czekoladowe z Chili,1.07,0.143,chocolate ice cream,"{""flavor_sweetness"": 1.0, ""texture_creamy"": 0.8, ""physics_temperature"": 0.1, ""physics_richness"": 0.7, ""flavor_bitterness"": 0.5, ""flavor_spiciness"": 0.4, ""flavor_umami"": 0.5, ""flavor_sourness"": 0.5, ""flavor_saltiness"": 0.3, ""texture_crispy"": 0.5, ""texture_chewy"": 0.5, ""physics_freshness"": 0.5, ""context_price_sensitivity"": 0.5, ""context_portion_preference"": 0.5}","{""flavor_sweetness"": 1.5, ""physics_temperature"": 0.1, ""flavor_spiciness"": 0.1, ""flavor_saltiness"": 0.2, ""_default"": 1.0}"
50,5,Lody Śmietankowe,0.79,0.143,cream ice cream,"{""flavor_sweetness"": 1.0, ""texture_creamy"": 1.0, ""physics_temperature"": 0.1, ""physics_richness"": 1.0, ""flavor_bitterness"": 0.5, ""flavor_spiciness"": 0.0, ""flavor_umami"": 0.5, ""flavor_sourness"": 0.5, ""flavor_saltiness"": 0.3, ""texture_crispy"": 0.5, ""texture_chewy"": 0.5, ""physics_freshness"": 0.5, ""context_price_sensitivity"": 0.5, ""context_portion_preference"": 0.5}","{""flavor_sweetness"": 1.5, ""physics_temperature"": 0.1, ""flavor_spiciness"": 0.1, ""flavor_saltiness"": 0.2, ""_default"": 1.0}"
51,5,Gelato Amarena,1.14,0.143,amarena gelato,"{""flavor_sweetness"": 0.9, ""texture_creamy"": 0.8, ""physics_temperature"": 0.1, ""physics_richness"": 0.7, ""flavor_bitterness"": 0.5, ""flavor_spiciness"": 0.0, ""flavor_umami"": 0.5, ""flavor_sourness"": 0.5, ""flavor_saltiness"": 0.5, ""texture_crispy"": 0.5, ""texture_chewy"": 0.5, ""physics_freshness"": 0.5, ""context_price_sensitivity"": 0.5, ""context_portion_preference"": 0.5}","{""flavor_sweetness"": 1.5, ""physics_temperature"": 0.1, ""flavor_spiciness"": 0.1, ""flavor_saltiness"": 0.2, ""_default"": 1.0}"
52,5,Gelato Stracciatella,1.07,0.143,stracciatella gelato,"{""flavor_sweetness"": 0.9, ""texture_creamy"": 0.8, ""physics_temperature"": 0.1, ""physics_richness"": 0.7, ""flavor_bitterness"": 0.5, ""flavor_spiciness"": 0.0, ""flavor_umami"": 0.5, ""flavor_sourness"": 0.5, ""flavor_saltiness"": 0.5, ""texture_crispy"": 0.5, ""texture_chewy"": 0.5, ""physics_freshness"": 0.5, ""context_price_sensitivity"": 0.5, ""context_portion_preference"": 0.5}","{""flavor_sweetness"": 1.5, ""physics_temperature"": 0.1, ""flavor_spiciness"": 0.1, ""flavor_saltiness"": 0.2, ""_default"": 1.0}"
53,5,Gelato Tiramisu,1.21,0.143,tiramisu gelato ice cream,"{""flavor_sweetness"": 1.0, ""texture_creamy"": 0.8, ""physics_temperature"": 0.1, ""physics_richness"": 0.7, ""flavor_bitterness"": 0.5, ""flavor_spiciness"": 0.0, ""flavor_umami"": 0.5, ""flavor_sourness"": 0.5, ""flavor_saltiness"": 0.3, ""texture_crispy"": 0.5, ""texture_chewy"": 0.5, ""physics_freshness"": 0.5, ""context_price_sensitivity"": 0.5, ""context_portion_preference"": 0.5}","{""flavor_sweetness"": 1.5, ""physics_temperature"": 0.1, ""flavor_spiciness"": 0.1, ""flavor_saltiness"": 0.2, ""_default"": 1.0}"
54,6,Sorbet Cytrynowy,0.92,0.15,,"{""flavor_sweetness"": 1.0, ""flavor_sourness"": 1.0, ""physics_temperature"": 0.1, ""physics_richness"": 0.1, ""flavor_bitterness"": 0.5, ""flavor_spiciness"": 0.5, ""flavor_umami"": 0.5, ""flavor_saltiness"": 0.3, ""texture_crispy"": 0.5, ""texture_creamy"": 0.5, ""texture_chewy"": 0.5, ""physics_freshness"": 0.5, ""context_price_sensitivity"": 0.5, ""context_portion_preference"": 0.5}","{""flavor_sweetness"": 1.4, ""physics_temperature"": 0.1, ""physics_freshness"": 1.5, ""flavor_spiciness"": 0.1, ""flavor_saltiness"": 0.2, ""_default"": 1.0}"
55,6,Sorbet Malinowy,1.0,0.15,,"{""flavor_sweetness"": 1.0, ""flavor_sourness"": 0.7, ""physics_temperature"": 0.1, ""physics_richness"": 0.1, ""flavor_bitterness"": 0.5, ""flavor_spiciness"": 0.5, ""flavor_umami"": 0.5, ""flavor_saltiness"": 0.3, ""texture_crispy"": 0.5, ""texture_creamy"": 0.5, ""texture_chewy"": 0.5, ""physics_freshness"": 0.5, ""context_price_sensitivity"": 0.5, ""context_portion_preference"": 0.5}","{""flavor_sweetness"": 1.4, ""physics_temperature"": 0.1, ""physics_freshness"": 1.5, ""flavor_spiciness"": 0.1, ""flavor_saltiness"": 0.2, ""_default"": 1.0}"
56,6,Sorbet Mango,1.08,0.15,,"{""flavor_sweetness"": 1.0, ""flavor_sourness"": 0.7, ""physics_temperature"": 0.1, ""physics_richness"": 0.1, ""flavor_bitterness"": 0.5, ""flavor_spiciness"": 0.5, ""flavor_umami"": 0.5, ""flavor_saltiness"": 0.3, ""texture_crispy"": 0.5, ""texture_creamy"": 0.5, ""texture_chewy"": 0.5, ""physics_freshness"": 0.5, ""context_price_sensitivity"": 0.5, ""context_portion_preference"": 0.5}","{""flavor_sweetness"": 1.4, ""physics_temperature"": 0.1, ""physics_freshness"": 1.5, ""flavor_spiciness"": 0.1, ""flavor_saltiness"": 0.2, ""_default"": 1.0}"
57,6,Sorbet Truskawkowy,1.0,0.1,,"{""flavor_sweetness"": 1.0, ""flavor_sourness"": 0.7, ""physics_temperature"": 0.1, ""physics_richness"": 0.1, ""flavor_bitterness"": 0.5, ""flavor_spiciness"": 0.5, ""flavor_umami"": 0.5, ""flavor_saltiness"": 0.3, ""texture_crispy"": 0.5, ""texture_creamy"": 0.5, ""texture_chewy"": 0.5, ""physics_freshness"": 0.5, ""context_price_sensitivity"": 0.5, ""context_portion_preference"": 0.5}","{""flavor_sweetness"": 1.4, ""physics_temperature"": 0.1, ""physics_freshness"": 1.5, ""flavor_spiciness"": 0.1, ""flavor_saltiness"": 0.2, ""_default"": 1.0}"
58,6,Sorbet Limonkowy,0.95,0.1,,"{""flavor_sweetness"": 1.0, ""flavor_sourness"": 1.0, ""physics_temperature"": 0.1, ""physics_richness"": 0.1, ""flavor_bitterness"": 0.5, ""flavor_spiciness"": 0.5, ""flavor_umami"": 0.5, ""flavor_saltiness"": 0.3, ""texture_crispy"": 0.5, ""texture_creamy"": 0.5, ""texture_chewy"": 0.5, ""physics_freshness"": 0.5, ""context_price_sensitivity"": 0.5, ""context_portion_preference"": 0.5}","{""flavor_sweetness"": 1.4, ""physics_temperature"": 0.1, ""physics_freshness"": 1.5, ""flavor_spiciness"": 0.1, ""flavor_saltiness"": 0.2, ""_default"": 1.0}"
59,6,Sorbet Kokosowy,1.05,0.1,,"{""flavor_sweetness"": 1.0, ""flavor_sourness"": 0.7, ""physics_temperature"": 0.1, ""physics_richness"": 0.1, ""flavor_bitterness"": 0.5, ""flavor_spiciness"": 0.5, ""flavor_umami"": 0.5, ""flavor_saltiness"": 0.3, ""texture_crispy"": 0.5, ""texture_creamy"": 0.5, ""texture_chewy"": 0.5, ""physics_freshness"": 0.5, ""context_price_sensitivity"": 0.5, ""context_portion_preference"": 0.5}","{""flavor_sweetness"": 1.4, ""physics_temperature"": 0.1, ""physics_freshness"": 1.5, ""flavor_spiciness"": 0.1, ""flavor_saltiness"": 0.2, ""_default"": 1.0}"
60,6,Sorbet Passionfruit,1.1,0.1,,"{""flavor_sweetness"": 1.0, ""flavor_sourness"": 0.7, ""physics_temperature"": 0.1, ""physics_richness"": 0.1, ""flavor_bitterness"": 0.5, ""flavor_spiciness"": 0.5, ""flavor_umami"": 0.5, ""flavor_saltiness"": 0.3, ""texture_crispy"": 0.5, ""texture_creamy"": 0.5, ""texture_chewy"": 0.5, ""physics_freshness"": 0.9, ""context_price_sensitivity"": 0.5, ""context_portion_preference"": 0.5}","{""flavor_sweetness"": 1.4, ""physics_temperature"": 0.1, ""physics_freshness"": 1.5, ""flavor_spiciness"": 0.1, ""flavor_saltiness"": 0.2, ""_default"": 1.0}"
61,7,Sałatka Cezar,1.0,0.115,caesar salad,"{""physics_freshness"": 1.0, ""texture_crispy"": 0.7, ""physics_temperature"": 0.3, ""physics_richness"": 0.0, ""flavor_sweetness"": 0.5, ""flavor_bitterness"": 0.5, ""flavor_spiciness"": 0.5, ""flavor_umami"": 0.5, ""flavor_sourness"": 0.5, ""flavor_saltiness"": 0.5, ""texture_creamy"": 0.5, ""texture_chewy"": 0.5, ""context_price_sensitivity"": 0.5, ""context_portion_preference"": 0.5}","{""physics_freshness"": 1.8, ""physics_temperature"": 0.3, ""texture_crispy"": 1.3, ""_default"": 1.0}"
62,7,Sałatka Grecka,0.85,0.077,greek salad,"{""physics_freshness"": 1.0, ""texture_crispy"": 0.7, ""physics_temperature"": 0.3, ""physics_richness"": 0.0, ""flavor_sweetness"": 0.5, ""flavor_bitterness"": 0.5, ""flavor_spiciness"": 0.5, ""flavor_umami"": 0.5, ""flavor_sourness"": 0.5, ""flavor_saltiness"": 0.5, ""texture_creamy"": 0.5, ""texture_chewy"": 0.5, ""context_price_sensitivity"": 0.5, ""context_portion_preference"": 0.5}","{""physics_freshness"": 1.8, ""physics_temperature"": 0.3, ""texture_crispy"": 1.3, ""_default"": 1.0}"
63,7,Sałatka Caprese,0.92,0.115,caprese salad,"{""physics_freshness"": 1.0, ""texture_crispy"": 0.7, ""physics_temperature"": 0.3, ""physics_richness"": 0.0, ""flavor_sweetness"": 0.5, ""flavor_bitterness"": 0.5, ""flavor_spiciness"": 0.5, ""flavor_umami"": 0.5, ""flavor_sourness"": 0.5, ""flavor_saltiness"": 0.5, ""texture_creamy"": 0.5, ""texture_chewy"": 0.5, ""context_price_sensitivity"": 0.5, ""context_portion_preference"": 0.5}","{""physics_freshness"": 1.8, ""physics_temperature"": 0.3, ""texture_crispy"": 1.3, ""_default"": 1.0}"
64,7,Sałatka z Łososiem,1.23,0.15,salmon salad,"{""physics_freshness"": 1.0, ""texture_crispy"": 0.7, ""physics_temperature"": 0.3, ""physics_richness"": 0.0, ""flavor_sweetness"": 0.5, ""flavor_bitterness"": 0.5, ""flavor_spiciness"": 0.5, ""flavor_umami"": 0.5, ""flavor_sourness"": 0.5, ""flavor_saltiness"": 0.5, ""texture_creamy"": 0.5, ""texture_chewy"": 0.5, ""context_price_sensitivity"": 0.5, ""context_portion_preference"": 0.5}","{""physics_freshness"": 1.8, ""physics_temperature"": 0.3, ""texture_crispy"": 1.3, ""_default"": 1.0}"
65,7,Sałatka z Tuńczykiem,1.0,0.115,tuna salad,"{""physics_freshness"": 1.0, ""texture_crispy"": 0.7, ""physics_temperature"": 0.3, ""physics_richness"": 0.0, ""flavor_sweetness"": 0.5, ""flavor_bitterness"": 0.5, ""flavor_spiciness"": 0.5, ""flavor_umami"": 0.5, ""flavor_sourness"": 0.5, ""flavor_saltiness"": 0.5, ""texture_creamy"": 0.5, ""texture_chewy"": 0.5, ""context_price_sensitivity"": 0.5, ""context_portion_preference"": 0.5}","{""physics_freshness"": 1.8, ""physics_temperature"": 0.3, ""texture_crispy"": 1.3, ""_default"": 1.0}"
66,7,Sałatka z Grillowanym Kurczakiem,1.04,0.115,grilled chicken salad,"{""physics_freshness"": 1.0, ""texture_crispy"": 0.7, ""physics_temperature"": 0.3, ""physics_richness"": 0.0, ""flavor_sweetness"": 0.5, ""flavor_bitterness"": 0.5, ""flavor_spiciness"": 0.5, ""flavor_umami"": 0.5, ""flavor_sourness"": 0.5, ""flavor_saltiness"": 0.5, ""texture_creamy"": 0.5, ""texture_chewy"": 0.5, ""context_price_sensitivity"": 0.5, ""context_portion_preference"": 0.5}","{""physics_freshness"": 1.8, ""physics_temperature"": 0.3, ""texture_crispy"": 1.3, ""_default"": 1.0}"
67,7,Sałatka z Kozim Serem,1.12,0.115,goat cheese salad,"{""physics_freshness"": 1.0, ""texture_crispy"": 0.7, ""physics_temperature"": 0.3, ""physics_richness"": 0.5, ""flavor_sweetness"": 0.5, ""flavor_bitterness"": 0.5, ""flavor_spiciness"": 0.5, ""flavor_umami"": 0.5, ""flavor_sourness"": 0.5, ""flavor_saltiness"": 0.5, ""texture_creamy"": 0.9, ""texture_chewy"": 0.5, ""context_price_sensitivity"": 0.5, ""context_portion_preference"": 0.5}","{""physics_freshness"": 1.8, ""physics_temperature"": 0.3, ""texture_crispy"": 1.3, ""_default"": 1.0}"
68,7,Sałatka z Quinoa,1.08,0.115,quinoa salad,"{""physics_freshness"": 1.0, ""texture_crispy"": 0.7, ""physics_temperature"": 0.3, ""physics_richness"": 0.0, ""flavor_sweetness"": 0.5, ""flavor_bitterness"": 0.5, ""flavor_spiciness"": 0.5, ""flavor_umami"": 0.5, ""flavor_sourness"": 0.5, ""flavor_saltiness"": 0.5, ""texture_creamy"": 0.5, ""texture_chewy"": 0.5, ""context_price_sensitivity"": 0.5, ""context_portion_preference"": 0.5}","{""physics_freshness"": 1.8, ""physics_temperature"": 0.3, ""texture_crispy"": 1.3, ""_default"": 1.0}"
69,7,Sałatka z Awokado,1.0,0.115,avocado salad,"{""physics_freshness"": 1.0, ""texture_crispy"": 0.7, ""physics_temperature"": 0.3, ""physics_richness"": 0.2, ""flavor_sweetness"": 0.5, ""flavor_bitterness"": 0.5, ""flavor_spiciness"": 0.5, ""flavor_umami"": 0.5, ""flavor_sourness"": 0.5, ""flavor_saltiness"": 0.5, ""texture_creamy"": 0.9, ""texture_chewy"": 0.5, ""context_price_sensitivity"": 0.5, ""context_portion_preference"": 0.5}","{""physics_freshness"": 1.8, ""physics_temperature"": 0.3, ""texture_crispy"": 1.3, ""_default"": 1.0}"
70,7,Sałatka Nicejska,1.08,0.115,nicoise salad,"{""physics_freshness"": 1.0, ""texture_crispy"": 0.7, ""physics_temperature"": 0.1, ""physics_richness"": 0.0, ""flavor_sweetness"": 0.5, ""flavor_bitterness"": 0.5, ""flavor_spiciness"": 0.5, ""flavor_umami"": 0.5, ""flavor_sourness"": 0.5, ""flavor_saltiness"": 0.5, ""texture_creamy"": 0.5, ""texture_chewy"": 0.5, ""context_price_sensitivity"": 0.5, ""context_portion_preference"": 0.5}","{""physics_freshness"": 1.8, ""physics_temperature"": 0.3, ""texture_crispy"": 1.3, ""_default"": 1.0}"
71,7,Sałatka Waldorf,0.92,0.115,waldorf salad,"{""physics_freshness"": 1.0, ""texture_crispy"": 0.7, ""physics_temperature"": 0.3, ""physics_richness"": 0.0, ""flavor_sweetness"": 0.5, ""flavor_bitterness"": 0.5, ""flavor_spiciness"": 0.5, ""flavor_umami"": 0.5, ""flavor_sourness"": 0.5, ""flavor_saltiness"": 0.5, ""texture_creamy"": 0.5, ""texture_chewy"": 0.5, ""context_price_sensitivity"": 0.5, ""context_portion_preference"": 0.5}","{""physics_freshness"": 1.8, ""physics_temperature"": 0.3, ""texture_crispy"": 1.3, ""_default"": 1.0}"
72,7,Sałatka Jarzynowa,0.58,0.077,vegetable salad mayonnaise,"{""physics_freshness"": 1.0, ""texture_crispy"": 0.7, ""physics_temperature"": 0.3, ""physics_richness"": 0.0, ""flavor_sweetness"": 0.5, ""flavor_bitterness"": 0.5, ""flavor_spiciness"": 0.5, ""flavor_umami"": 0.5, ""flavor_sourness"": 0.5, ""flavor_saltiness"": 0.5, ""texture_creamy"": 0.5, ""texture_chewy"": 0.5, ""context_price_sensitivity"": 0.5, ""context_portion_preference"": 0.5}","{""physics_freshness"": 1.8, ""physics_temperature"": 0.3, ""texture_crispy"": 1.3, ""_default"": 1.0}"
73,7,Sałatka Orientalna,1.04,0.115,asian chicken salad,"{""physics_freshness"": 1.0, ""texture_crispy"": 0.7, ""physics_temperature"": 0.3, ""physics_richness"": 0.0, ""flavor_sweetness"": 0.5, ""flavor_bitterness"": 0.5, ""flavor_spiciness"": 0.5, ""flavor_umami"": 0.5, ""flavor_sourness"": 0.5, ""flavor_saltiness"": 0.5, ""texture_creamy"": 0.5, ""texture_chewy"": 0.5, ""context_price_sensitivity"": 0.5, ""context_portion_preference"": 0.5}","{""physics_freshness"": 1.8, ""physics_temperature"": 0.3, ""texture_crispy"": 1.3, ""_default"": 1.0}"
74,7,Coleslaw,0.38,0.058,coleslaw salad,"{""physics_freshness"": 0.9, ""texture_crispy"": 0.7, ""physics_temperature"": 0.3, ""physics_richness"": 0.3, ""flavor_sweetness"": 0.5, ""flavor_bitterness"": 0.5, ""flavor_spiciness"": 0.5, ""flavor_umami"": 0.5, ""flavor_sourness"": 0.5, ""flavor_saltiness"": 0.5, ""texture_creamy"": 0.5, ""texture_chewy"": 0.5, ""context_price_sensitivity"": 0.5, ""context_portion_preference"": 0.5}","{""physics_freshness"": 1.8, ""physics_temperature"": 0.3, ""texture_crispy"": 1.3, ""_default"": 1.0}"
75,8,Banh Mi Thit,1.1,0.15,banh mi sandwich,"{""texture_chewy"": 0.6, ""physics_freshness"": 0.6, ""physics_temperature"": 0.5, ""flavor_sweetness"": 0.5, ""flavor_bitterness"": 0.5, ""flavor_spiciness"": 0.6, ""flavor_umami"": 0.5, ""flavor_sourness"": 0.4, ""flavor_saltiness"": 0.5, ""texture_crispy"": 0.5, ""texture_creamy"": 0.5, ""physics_richness"": 0.5, ""context_price_sensitivity"": 0.5, ""context_portion_preference"": 0.5}","{""physics_temperature"": 0.7, ""physics_freshness"": 1.3, ""_default"": 1.0}"
76,8,Kanapka z Kurczakiem,1.02,0.128,chicken sandwich,"{""texture_chewy"": 0.6, ""physics_freshness"": 0.6, ""physics_temperature"": 0.4, ""flavor_sweetness"": 0.5, ""flavor_bitterness"": 0.5, ""flavor_spiciness"": 0.5, ""flavor_umami"": 0.5, ""flavor_sourness"": 0.5, ""flavor_saltiness"": 0.5, ""texture_crispy"": 0.5, ""texture_creamy"": 0.5, ""physics_richness"": 0.5, ""context_price_sensitivity"": 0.5, ""context_portion_preference"": 0.5}","{""physics_temperature"": 0.7, ""physics_freshness"": 1.3, ""_default"": 1.0}"
77,8,Kanapka BLT,0.94,0.128,blt sandwich,"{""texture_chewy"": 0.6, ""physics_freshness"": 0.6, ""physics_temperature"": 0.4, ""flavor_sweetness"": 0.5, ""flavor_bitterness"": 0.5, ""flavor_spiciness"": 0.5, ""flavor_umami"": 0.5, ""flavor_sourness"": 0.5, ""flavor_saltiness"": 0.5, ""texture_crispy"": 0.5, ""texture_creamy"": 0.5, ""physics_richness"": 0.5, ""context_price_sensitivity"": 0.5, ""context_portion_preference"": 0.5}","{""physics_temperature"": 0.7, ""physics_freshness"": 1.3, ""_default"": 1.0}"
78,8,Kanapka Clubhouse,1.19,0.128,club sandwich,"{""texture_chewy"": 0.6, ""physics_freshness"": 0.6, ""physics_temperature"": 0.4, ""flavor_sweetness"": 0.5, ""flavor_bitterness"": 0.5, ""flavor_spiciness"": 0.5, ""flavor_umami"": 0.5, ""flavor_sourness"": 0.5, ""flavor_saltiness"": 0.5, ""texture_crispy"": 0.5, ""texture_creamy"": 0.5, ""physics_richness"": 0.5, ""context_price_sensitivity"": 0.5, ""context_portion_preference"": 0.5}","{""physics_temperature"": 0.7, ""physics_freshness"": 1.3, ""_default"": 1.0}"
79,8,Kanapka z Szynką,0.85,0.085,ham sandwich,"{""texture_chewy"": 0.6, ""physics_freshness"": 0.6, ""physics_temperature"": 0.4, ""flavor_sweetness"": 0.5, ""flavor_bitterness"": 0.5, ""flavor_spiciness"": 0.5, ""flavor_umami"": 0.5, ""flavor_sourness"": 0.5, ""flavor_saltiness"": 0.5, ""texture_crispy"": 0.5, ""texture_creamy"": 0.5, ""physics_richness"": 0.5, ""context_price_sensitivity"": 0.5, ""context_portion_preference"": 0.5}","{""physics_temperature"": 0.7, ""physics_freshness"": 1.3, ""_default"": 1.0}"
80,8,Kanapka z Tuńczykiem,0.98,0.128,tuna sandwich,"{""texture_chewy"": 0.6, ""physics_freshness"": 0.6, ""physics_temperature"": 0.4, ""flavor_sweetness"": 0.5, ""flavor_bitterness"": 0.5, ""flavor_spiciness"": 0.5, ""flavor_umami"": 0.5, ""flavor_sourness"": 0.5, ""flavor_saltiness"": 0.5, ""texture_crispy"": 0.5, ""texture_creamy"": 0.5, ""physics_richness"": 0.5, ""context_price_sensitivity"": 0.5, ""context_portion_preference"": 0.5}","{""physics_temperature"": 0.7, ""physics_freshness"": 1.3, ""_default"": 1.0}"
81,8,Kanapka Caprese,1.06,0.128,caprese sandwich,"{""texture_chewy"": 0.6, ""physics_freshness"": 0.6, ""physics_temperature"": 0.4, ""flavor_sweetness"": 0.5, ""flavor_bitterness"": 0.5, ""flavor_spiciness"": 0.5, ""flavor_umami"": 0.5, ""flavor_sourness"": 0.5, ""flavor_saltiness"": 0.5, ""texture_crispy"": 0.5, ""texture_creamy"": 0.5, ""physics_richness"": 0.5, ""context_price_sensitivity"": 0.5, ""context_portion_preference"": 0.5}","{""physics_temperature"": 0.7, ""physics_freshness"": 1.3, ""_default"": 1.0}"
82,8,Bajgiel z Łososiem,1.19,0.128,salmon bagel,"{""texture_chewy"": 0.9, ""physics_freshness"": 0.6, ""physics_temperature"": 0.4, ""flavor_sweetness"": 0.5, ""flavor_bitterness"": 0.5, ""flavor_spiciness"": 0.5, ""flavor_umami"": 0.5, ""flavor_sourness"": 0.5, ""flavor_saltiness"": 0.5, ""texture_crispy"": 0.5, ""texture_creamy"": 0.5, ""physics_richness"": 0.5, ""context_price_sensitivity"": 0.5, ""context_portion_preference"": 0.5}","{""physics_temperature"": 0.7, ""physics_freshness"": 1.3, ""_default"": 1.0}"
83,8,Bajgiel z Serem Kremowym,0.77,0.085,cream cheese bagel,"{""texture_chewy"": 0.9, ""physics_freshness"": 0.6, ""physics_temperature"": 0.4, ""flavor_sweetness"": 0.5, ""flavor_bitterness"": 0.5, ""flavor_spiciness"": 0.5, ""flavor_umami"": 0.5, ""flavor_sourness"": 0.5, ""flavor_saltiness"": 0.5, ""texture_crispy"": 0.5, ""texture_creamy"": 0.9, ""physics_richness"": 1.0, ""context_price_sensitivity"": 0.5, ""context_portion_preference"": 0.5}","{""physics_temperature"": 0.7, ""physics_freshness"": 1.3, ""_default"": 1.0}"
84,9,Panini z Kurczakiem,1.04,0.111,,"{""texture_crispy"": 0.8, ""physics_temperature"": 0.8, ""physics_richness"": 0.6, ""flavor_sweetness"": 0.5, ""flavor_bitterness"": 0.5, ""flavor_spiciness"": 0.5, ""flavor_umami"": 0.5, ""flavor_sourness"": 0.5, ""flavor_saltiness"": 0.5, ""texture_creamy"": 0.5, ""texture_chewy"": 0.5, ""physics_freshness"": 0.5, ""context_price_sensitivity"": 0.5, ""context_portion_preference"": 0.5}","{""physics_temperature"": 0.4, ""texture_crispy"": 1.3, ""_default"": 1.0}"
85,9,Panini z Mozzarellą,0.96,0.111,,"{""texture_crispy"": 0.8, ""physics_temperature"": 0.8, ""physics_richness"": 0.6, ""flavor_sweetness"": 0.5, ""flavor_bitterness"": 0.5, ""flavor_spiciness"": 0.5, ""flavor_umami"": 0.5, ""flavor_sourness"": 0.5, ""flavor_saltiness"": 0.5, ""texture_creamy"": 0.5, ""texture_chewy"": 0.5, ""physics_freshness"": 0.5, ""context_price_sensitivity"": 0.5, ""context_portion_preference"": 0.5}","{""physics_temperature"": 0.4, ""texture_crispy"": 1.3, ""_default"": 1.0}"
86,10,Wrap z Kurczakiem,1.0,0.115,,"{""texture_chewy"": 0.6, ""physics_freshness"": 0.7, ""physics_temperature"": 0.5, ""flavor_sweetness"": 0.5, ""flavor_bitterness"": 0.5, ""flavor_spiciness"": 0.5, ""flavor_umami"": 0.5, ""flavor_sourness"": 0.5, ""flavor_saltiness"": 0.5, ""texture_crispy"": 0.5, ""texture_creamy"": 0.5, ""physics_richness"": 0.5, ""context_price_sensitivity"": 0.5, ""context_portion_preference"": 0.5}","{""flavor_spiciness"": 1.4, ""physics_temperature"": 0.6, ""_default"": 1.0}"
87,10,Wrap Wegetariański,0.92,0.115,,"{""texture_chewy"": 0.6, ""physics_freshness"": 0.9, ""physics_temperature"": 0.5, ""flavor_sweetness"": 0.5, ""flavor_bitterness"": 0.5, ""flavor_spiciness"": 0.5, ""flavor_umami"": 0.5, ""flavor_sourness"": 0.5, ""flavor_saltiness"": 0.5, ""texture_crispy"": 0.5, ""texture_creamy"": 0.5, ""physics_richness"": 0.4, ""context_price_sensitivity"": 0.5, ""context_portion_preference"": 0.5}","{""flavor_spiciness"": 1.4, ""physics_temperature"": 0.6, ""_default"": 1.0}"
88,10,Wrap z Łososiem,1.15,0.115,,"{""texture_chewy"": 0.6, ""physics_freshness"": 0.7, ""physics_temperature"": 0.5, ""flavor_sweetness"": 0.5, ""flavor_bitterness"": 0.5, ""flavor_spiciness"": 0.5, ""flavor_umami"": 0.5, ""flavor_sourness"": 0.5, ""flavor_saltiness"": 0.5, ""texture_crispy"": 0.5, ""texture_creamy"": 0.5, ""physics_richness"": 0.5, ""context_price_sensitivity"": 0.5, ""context_portion_preference"": 0.5}","{""flavor_spiciness"": 1.4, ""physics_temperature"": 0.6, ""_default"": 1.0}"
89,11,Spaghetti Carbonara,1.07,0.133,spaghetti carbonara plate,"{""flavor_umami"": 0.6, ""texture_chewy"": 0.7, ""physics_richness"": 0.8, ""physics_temperature"": 0.8, ""flavor_sweetness"": 0.5, ""flavor_bitterness"": 0.5, ""flavor_spiciness"": 0.5, ""flavor_sourness"": 0.5, ""flavor_saltiness"": 0.5, ""texture_crispy"": 0.5, ""texture_creamy"": 0.9, ""physics_freshness"": 0.5, ""context_price_sensitivity"": 0.5, ""context_portion_preference"": 0.5}","{""flavor_spiciness"": 1.5, ""physics_richness"": 1.4, ""physics_temperature"": 0.1, ""_default"": 1.0}"
90,11,Pasta Bolognese,1.0,0.1,pasta bolognese plate,"{""flavor_umami"": 0.6, ""texture_chewy"": 0.7, ""physics_richness"": 0.6, ""physics_temperature"": 0.8, ""flavor_sweetness"": 0.5, ""flavor_bitterness"": 0.5, ""flavor_spiciness"": 0.5, ""flavor_sourness"": 0.5, ""flavor_saltiness"": 0.5, ""texture_crispy"": 0.5, ""texture_creamy"": 0.5, ""physics_freshness"": 0.5, ""context_price_sensitivity"": 0.5, ""context_portion_preference"": 0.5}","{""flavor_spiciness"": 1.5, ""physics_richness"": 1.4, ""physics_temperature"": 0.1, ""_default"": 1.0}"
91,11,Aglio e Olio,0.87,0.1,spaghetti aglio olio plate,"{""flavor_umami"": 0.6, ""texture_chewy"": 0.7, ""physics_richness"": 0.6, ""physics_temperature"": 0.8, ""flavor_sweetness"": 0.5, ""flavor_bitterness"": 0.5, ""flavor_spiciness"": 0.5, ""flavor_sourness"": 0.5, ""flavor_saltiness"": 0.5, ""texture_crispy"": 0.5, ""texture_creamy"": 0.5, ""physics_freshness"": 0.5, ""context_price_sensitivity"": 0.5, ""context_portion_preference"": 0.5}","{""flavor_spiciness"": 1.5, ""physics_richness"": 1.4, ""physics_temperature"": 0.1, ""_default"": 1.0}"
92,11,Penne Arrabbiata,0.93,0.1,penne arrabbiata dish,"{""flavor_umami"": 0.6, ""texture_chewy"": 0.7, ""physics_richness"": 0.6, ""physics_temperature"": 0.8, ""flavor_sweetness"": 0.5, ""flavor_bitterness"": 0.5, ""flavor_spiciness"": 1.0, ""flavor_sourness"": 0.5, ""flavor_saltiness"": 0.5, ""texture_crispy"": 0.5, ""texture_creamy"": 0.5, ""physics_freshness"": 0.5, ""context_price_sensitivity"": 0.5, ""context_portion_preference"": 0.5}","{""flavor_spiciness"": 1.5, ""physics_richness"": 1.4, ""physics_temperature"": 0.1, ""_default"": 1.0}"
93,11,Penne alla Vodka,1.03,0.133,penne alla vodka dish,"{""flavor_umami"": 0.6, ""texture_chewy"": 0.7, ""physics_richness"": 0.6, ""physics_temperature"": 0.8, ""flavor_sweetness"": 0.5, ""flavor_bitterness"": 0.5, ""flavor_spiciness"": 0.5, ""flavor_sourness"": 0.5, ""flavor_saltiness"": 0.5, ""texture_crispy"": 0.5, ""texture_creamy"": 0.5, ""physics_freshness"": 0.5, ""context_price_sensitivity"": 0.5, ""context_portion_preference"": 0.5}","{""flavor_spiciness"": 1.5, ""physics_richness"": 1.4, ""physics_temperature"": 0.1, ""_default"": 1.0}"
94,11,Pasta Primavera,0.93,0.1,pasta primavera dish,"{""flavor_umami"": 0.6, ""texture_chewy"": 0.7, ""physics_richness"": 0.6, ""physics_temperature"": 0.8, ""flavor_sweetness"": 0.5, ""flavor_bitterness"": 0.5, ""flavor_spiciness"": 0.5, ""flavor_sourness"": 0.5, ""flavor_saltiness"": 0.5, ""texture_crispy"": 0.5, ""texture_creamy"": 0.5, ""physics_freshness"": 0.5, ""context_price_sensitivity"": 0.5, ""context_portion_preference"": 0.5}","{""flavor_spiciness"": 1.5, ""physics_richness"": 1.4, ""physics_temperature"": 0.1, ""_default"": 1.0}"
95,11,Pasta Puttanesca,0.97,0.1,pasta puttanesca dish,"{""flavor_umami"": 0.6, ""texture_chewy"": 0.7, ""physics_richness"": 0.6, ""physics_temperature"": 0.8, ""flavor_sweetness"": 0.5, ""flavor_bitterness"": 0.5, ""flavor_spiciness"": 0.5, ""flavor_sourness"": 0.5, ""flavor_saltiness"": 0.5, ""texture_crispy"": 0.5, ""texture_creamy"": 0.5, ""physics_freshness"": 0.5, ""context_price_sensitivity"": 0.5, ""context_portion_preference"": 0.5}","{""flavor_spiciness"": 1.5, ""physics_richness"": 1.4, ""physics_temperature"": 0.1, ""_default"": 1.0}"
96,11,Fettuccine Alfredo,1.0,0.133,fettuccine alfredo plate,"{""flavor_umami"": 0.6, ""texture_chewy"": 0.7, ""physics_richness"": 0.6, ""physics_temperature"": 0.8, ""flavor_sweetness"": 0.5, ""flavor_bitterness"": 0.5, ""flavor_spiciness"": 0.5, ""flavor_sourness"": 0.5, ""flavor_saltiness"": 0.5, ""texture_crispy"": 0.5, ""texture_creamy"": 0.5, ""physics_freshness"": 0.5, ""context_price_sensitivity"": 0.5, ""context_portion_preference"": 0.5}","{""flavor_spiciness"": 1.5, ""physics_richness"": 1.4, ""physics_temperature"": 0.1, ""_default"": 1.0}"
97,11,Lasagne,1.17,0.133,lasagna portion,"{""flavor_umami"": 0.6, ""texture_chewy"": 0.7, ""physics_richness"": 0.6, ""physics_temperature"": 0.8, ""flavor_sweetness"": 0.5, ""flavor_bitterness"": 0.5, ""flavor_spiciness"": 0.5, ""flavor_sourness"": 0.5, ""flavor_saltiness"": 0.5, ""texture_crispy"": 0.5, ""texture_creamy"": 0.5, ""physics_freshness"": 0.5, ""context_price_sensitivity"": 0.5, ""context_portion_preference"": 0.5}","{""flavor_spiciness"": 1.5, ""physics_richness"": 1.4, ""physics_temperature"": 0.1, ""_default"": 1.0}"
98,11,Ravioli,1.07,0.133,cooked ravioli with sauce,"{""flavor_umami"": 0.6, ""texture_chewy"": 0.7, ""physics_richness"": 0.6, ""physics_temperature"": 0.8, ""flavor_sweetness"": 0.5, ""flavor_bitterness"": 0.5, ""flavor_spiciness"": 0.5, ""flavor_sourness"": 0.5, ""flavor_saltiness"": 0.5, ""texture_crispy"": 0.5, ""texture_creamy"": 0.5, ""physics_freshness"": 0.5, ""context_price_sensitivity"": 0.5, ""context_portion_preference"": 0.5}","{""flavor_spiciness"": 1.5, ""physics_richness"": 1.4, ""physics_temperature"": 0.1, ""_default"": 1.0}"
99,11,Tortellini,1.13,0.133,cooked tortellini with sauce,"{""flavor_umami"": 0.6, ""texture_chewy"": 0.7, ""physics_richness"": 0.6, ""physics_temperature"": 0.8, ""flavor_sweetness"": 0.1, ""flavor_bitterness"": 0.5, ""flavor_spiciness"": 0.5, ""flavor_sourness"": 0.5, ""flavor_saltiness"": 0.3, ""texture_crispy"": 0.5, ""texture_creamy"": 0.5, ""physics_freshness"": 0.5, ""context_price_sensitivity"": 0.5, ""context_portion_preference"": 0.5}","{""flavor_spiciness"": 1.5, ""physics_richness"": 1.4, ""physics_temperature"": 0.1, ""_default"": 1.0}"
100,11,Gnocchi,1.0,0.1,gnocchi dish,"{""flavor_umami"": 0.6, ""texture_chewy"": 0.7, ""physics_richness"": 0.6, ""physics_temperature"": 0.8, ""flavor_sweetness"": 0.5, ""flavor_bitterness"": 0.5, ""flavor_spiciness"": 0.5, ""flavor_sourness"": 0.5, ""flavor_saltiness"": 0.5, ""texture_crispy"": 0.5, ""texture_creamy"": 0.5, ""physics_freshness"": 0.5, ""context_price_sensitivity"": 0.5, ""context_portion_preference"": 0.5}","{""flavor_spiciness"": 1.5, ""physics_richness"": 1.4, ""physics_temperature"": 0.1, ""_default"": 1.0}"
101,11,Mac and Cheese,1.0,0.143,mac and cheese bowl,"{""flavor_umami"": 0.6, ""texture_chewy"": 0.7, ""physics_richness"": 0.7, ""physics_temperature"": 0.8, ""flavor_sweetness"": 0.5, ""flavor_bitterness"": 0.5, ""flavor_spiciness"": 0.5, ""flavor_sourness"": 0.5, ""flavor_saltiness"": 0.5, ""texture_crispy"": 0.5, ""texture_creamy"": 0.9, ""physics_freshness"": 0.5, ""context_price_sensitivity"": 0.5, ""context_portion_preference"": 0.5}","{""flavor_spiciness"": 1.5, ""physics_richness"": 1.4, ""physics_temperature"": 0.1, ""_default"": 1.0}"
102,12,Pomidorowa,0.88,0.125,tomato soup,"{""physics_temperature"": 0.9, ""flavor_umami"": 0.6, ""physics_richness"": 0.4, ""texture_creamy"": 0.4, ""flavor_sweetness"": 0.5, ""flavor_bitterness"": 0.5, ""flavor_spiciness"": 0.5, ""flavor_sourness"": 0.5, ""flavor_saltiness"": 0.5, ""texture_crispy"": 0.1, ""texture_chewy"": 0.1, ""physics_freshness"": 0.5, ""context_price_sensitivity"": 0.5, ""context_portion_preference"": 0.5}","{""flavor_spiciness"": 1.3, ""physics_temperature"": 0.2, ""flavor_sweetness"": 0.3, ""_default"": 1.0}"
103,12,Ogórkowa,0.88,0.125,pickle soup,"{""physics_temperature"": 0.9, ""flavor_umami"": 0.6, ""physics_richness"": 0.4, ""texture_creamy"": 0.4, ""flavor_sweetness"": 0.5, ""flavor_bitterness"": 0.5, ""flavor_spiciness"": 0.5, ""flavor_sourness"": 0.9, ""flavor_saltiness"": 0.5, ""texture_crispy"": 0.1, ""texture_chewy"": 0.1, ""physics_freshness"": 0.5, ""context_price_sensitivity"": 0.5, ""context_portion_preference"": 0.5}","{""flavor_spiciness"": 1.3, ""physics_temperature"": 0.2, ""flavor_sweetness"": 0.3, ""_default"": 1.0}"
104,12,Rosół,0.75,0.125,chicken soup,"{""physics_temperature"": 0.9, ""flavor_umami"": 0.6, ""physics_richness"": 0.4, ""texture_creamy"": 0.4, ""flavor_sweetness"": 0.5, ""flavor_bitterness"": 0.5, ""flavor_spiciness"": 0.5, ""flavor_sourness"": 0.5, ""flavor_saltiness"": 0.5, ""texture_crispy"": 0.1, ""texture_chewy"": 0.1, ""physics_freshness"": 0.5, ""context_price_sensitivity"": 0.5, ""context_portion_preference"": 0.5}","{""flavor_spiciness"": 1.3, ""physics_temperature"": 0.2, ""flavor_sweetness"": 0.3, ""_default"": 1.0}"
105,12,Barszcz,0.88,0.125,beetroot soup,"{""physics_temperature"": 0.9, ""flavor_umami"": 0.6, ""physics_richness"": 0.4, ""texture_creamy"": 0.4, ""flavor_sweetness"": 0.5, ""flavor_bitterness"": 0.5, ""flavor_spiciness"": 0.5, ""flavor_sourness"": 0.5, ""flavor_saltiness"": 0.5, ""texture_crispy"": 0.1, ""texture_chewy"": 0.1, ""physics_freshness"": 0.5, ""context_price_sensitivity"": 0.5, ""context_portion_preference"": 0.5}","{""flavor_spiciness"": 1.3, ""physics_temperature"": 0.2, ""flavor_sweetness"": 0.3, ""_default"": 1.0}"
106,12,Żurek,1.12,0.15,zurek polish soup,"{""physics_temperature"": 0.9, ""flavor_umami"": 0.6, ""physics_richness"": 0.4, ""texture_creamy"": 0.4, ""flavor_sweetness"": 0.5, ""flavor_bitterness"": 0.5, ""flavor_spiciness"": 0.5, ""flavor_sourness"": 0.9, ""flavor_saltiness"": 0.5, ""texture_crispy"": 0.1, ""texture_chewy"": 0.1, ""physics_freshness"": 0.5, ""context_price_sensitivity"": 0.5, ""context_portion_preference"": 0.5}","{""flavor_spiciness"": 1.3, ""physics_temperature"": 0.2, ""flavor_sweetness"": 0.3, ""_default"": 1.0}"
107,12,Chłodnik,0.88,0.125,cold beet soup,"{""physics_temperature"": 0.1, ""flavor_umami"": 0.6, ""physics_richness"": 0.4, ""texture_creamy"": 0.4, ""flavor_sweetness"": 0.5, ""flavor_bitterness"": 0.5, ""flavor_spiciness"": 0.5, ""flavor_sourness"": 0.5, ""flavor_saltiness"": 0.5, ""texture_crispy"": 0.1, ""texture_chewy"": 0.1, ""physics_freshness"": 0.5, ""context_price_sensitivity"": 0.5, ""context_portion_preference"": 0.5}","{""physics_temperature"": 1.0}"
108,12,Krem z Pomidorów,1.0,0.125,tomato soup creamy,"{""physics_temperature"": 0.9, ""flavor_umami"": 0.6, ""physics_richness"": 0.6, ""texture_creamy"": 0.8, ""flavor_sweetness"": 0.5, ""flavor_bitterness"": 0.5, ""flavor_spiciness"": 0.5, ""flavor_sourness"": 0.5, ""flavor_saltiness"": 0.5, ""texture_crispy"": 0.1, ""texture_chewy"": 0.1, ""physics_freshness"": 0.5, ""context_price_sensitivity"": 0.5, ""context_portion_preference"": 0.5}","{""flavor_spiciness"": 1.3, ""physics_temperature"": 0.2, ""flavor_sweetness"": 0.3, ""_default"": 1.0}"
109,12,Krem z Grzybów,1.06,0.125,mushroom soup creamy,"{""physics_temperature"": 0.9, ""flavor_umami"": 0.9, ""physics_richness"": 0.6, ""texture_creamy"": 0.8, ""flavor_sweetness"": 0.5, ""flavor_bitterness"": 0.5, ""flavor_spiciness"": 0.5, ""flavor_sourness"": 0.5, ""flavor_saltiness"": 0.5, ""texture_crispy"": 0.1, ""texture_chewy"": 0.1, ""physics_freshness"": 0.5, ""context_price_sensitivity"": 0.5, ""context_portion_preference"": 0.5}","{""flavor_spiciness"": 1.3, ""physics_temperature"": 0.2, ""flavor_sweetness"": 0.3, ""_default"": 1.0}"
110,12,Krem z Brokułów,0.94,0.125,broccoli soup,"{""physics_temperature"": 0.9, ""flavor_umami"": 0.6, ""physics_richness"": 0.6, ""texture_creamy"": 0.8, ""flavor_sweetness"": 0.5, ""flavor_bitterness"": 0.5, ""flavor_spiciness"": 0.5, ""flavor_sourness"": 0.5, ""flavor_saltiness"": 0.5, ""texture_crispy"": 0.1, ""texture_chewy"": 0.1, ""physics_freshness"": 0.5, ""context_price_sensitivity"": 0.5, ""context_portion_preference"": 0.5}","{""flavor_spiciness"": 1.3, ""physics_temperature"": 0.2, ""flavor_sweetness"": 0.3, ""_default"": 1.0}"
111,12,Krem z Dyni,1.0,0.125,pumpkin soup,"{""physics_temperature"": 0.9, ""flavor_umami"": 0.6, ""physics_richness"": 0.6, ""texture_creamy"": 0.8, ""flavor_sweetness"": 0.5, ""flavor_bitterness"": 0.5, ""flavor_spiciness"": 0.5, ""flavor_sourness"": 0.5, ""flavor_saltiness"": 0.5, ""texture_crispy"": 0.1, ""texture_chewy"": 0.1, ""physics_freshness"": 0.5, ""context_price_sensitivity"": 0.5, ""context_portion_preference"": 0.5}","{""flavor_spiciness"": 1.3, ""physics_temperature"": 0.2, ""flavor_sweetness"": 0.3, ""_default"": 1.0}"
112,12,Krem z Kalafiora,0.94,0.125,cauliflower soup,"{""physics_temperature"": 0.9, ""flavor_umami"": 0.6, ""physics_richness"": 0.6, ""texture_creamy"": 0.8, ""flavor_sweetness"": 0.5, ""flavor_bitterness"": 0.5, ""flavor_spiciness"": 0.5, ""flavor_sourness"": 0.5, ""flavor_saltiness"": 0.5, ""texture_crispy"": 0.1, ""texture_chewy"": 0.1, ""physics_freshness"": 0.5, ""context_price_sensitivity"": 0.5, ""context_portion_preference"": 0.5}","{""flavor_spiciness"": 1.3, ""physics_temperature"": 0.2, ""flavor_sweetness"": 0.3, ""_default"": 1.0}"
113,12,Minestrone,1.12,0.125,minestrone soup,"{""physics_temperature"": 0.9, ""flavor_umami"": 0.6, ""physics_richness"": 0.4, ""texture_creamy"": 0.4, ""flavor_sweetness"": 0.5, ""flavor_bitterness"": 0.5, ""flavor_spiciness"": 0.5, ""flavor_sourness"": 0.5, ""flavor_saltiness"": 0.5, ""texture_crispy"": 0.1, ""texture_chewy"": 0.1, ""physics_freshness"": 0.5, ""context_price_sensitivity"": 0.5, ""context_portion_preference"": 0.5}","{""flavor_spiciness"": 1.3, ""physics_temperature"": 0.2, ""flavor_sweetness"": 0.3, ""_default"": 1.0}"
114,12,Gazpacho,1.0,0.125,gazpacho soup,"{""physics_temperature"": 0.1, ""flavor_umami"": 0.6, ""physics_richness"": 0.4, ""texture_creamy"": 0.4, ""flavor_sweetness"": 0.5, ""flavor_bitterness"": 0.5, ""flavor_spiciness"": 0.5, ""flavor_sourness"": 0.5, ""flavor_saltiness"": 0.5, ""texture_crispy"": 0.1, ""texture_chewy"": 0.1, ""physics_freshness"": 0.5, ""context_price_sensitivity"": 0.5, ""context_portion_preference"": 0.5}","{""physics_temperature"": 1.0}"
115,12,Tom Yum,1.75,0.15,tom yum soup,"{""physics_temperature"": 0.9, ""flavor_umami"": 0.6, ""physics_richness"": 0.4, ""texture_creamy"": 0.4, ""flavor_sweetness"": 0.5, ""flavor_bitterness"": 0.5, ""flavor_spiciness"": 0.5, ""flavor_sourness"": 0.5, ""flavor_saltiness"": 0.5, ""texture_crispy"": 0.1, ""texture_chewy"": 0.1, ""physics_freshness"": 0.5, ""context_price_sensitivity"": 0.5, ""context_portion_preference"": 0.5}","{""flavor_spiciness"": 1.3, ""physics_temperature"": 0.2, ""flavor_sweetness"": 0.3, ""_default"": 1.0}"
116,12,Zupa Cebulowa,1.38,0.15,onion soup,"{""physics_temperature"": 0.9, ""flavor_umami"": 0.6, ""physics_richness"": 0.4, ""texture_creamy"": 0.4, ""flavor_sweetness"": 0.5, ""flavor_bitterness"": 0.5, ""flavor_spiciness"": 0.5, ""flavor_sourness"": 0.5, ""flavor_saltiness"": 0.5, ""texture_crispy"": 0.1, ""texture_chewy"": 0.1, ""physics_freshness"": 0.5, ""context_price_sensitivity"": 0.5, ""context_portion_preference"": 0.5}","{""flavor_spiciness"": 1.3, ""physics_temperature"": 0.2, ""flavor_sweetness"": 0.3, ""_default"": 1.0}"
117,13,Shoyu Ramen,0.9,0.097,ramen soup,"{""flavor_umami"": 0.9, ""flavor_saltiness"": 0.8, ""physics_temperature"": 0.9, ""physics_richness"": 0.7, ""flavor_sweetness"": 0.5, ""flavor_bitterness"": 0.5, ""flavor_spiciness"": 0.5, ""flavor_sourness"": 0.5, ""texture_crispy"": 0.5, ""texture_creamy"": 0.5, ""texture_chewy"": 0.5, ""physics_freshness"": 0.5, ""context_price_sensitivity"": 0.5, ""context_portion_preference"": 0.5}","{""flavor_spiciness"": 1.6, ""flavor_umami"": 1.4, ""physics_temperature"": 0.2, ""physics_richness"": 1.3, ""_default"": 1.0}"
118,13,Miso Ramen,0.97,0.129,miso ramen,"{""flavor_umami"": 0.9, ""flavor_saltiness"": 0.8, ""physics_temperature"": 0.9, ""physics_richness"": 0.7, ""flavor_sweetness"": 0.5, ""flavor_bitterness"": 0.5, ""flavor_spiciness"": 0.5, ""flavor_sourness"": 0.5, ""texture_crispy"": 0.5, ""texture_creamy"": 0.5, ""texture_chewy"": 0.5, ""physics_freshness"": 0.5, ""context_price_sensitivity"": 0.5, ""context_portion_preference"": 0.5}","{""flavor_spiciness"": 1.6, ""flavor_umami"": 1.4, ""physics_temperature"": 0.2, ""physics_richness"": 1.3, ""_default"": 1.0}"
119,13,Tonkotsu Ramen,1.03,0.129,tonkotsu ramen,"{""flavor_umami"": 0.9, ""flavor_saltiness"": 0.8, ""physics_temperature"": 0.9, ""physics_richness"": 0.7, ""flavor_sweetness"": 0.5, ""flavor_bitterness"": 0.5, ""flavor_spiciness"": 0.5, ""flavor_sourness"": 0.5, ""texture_crispy"": 0.5, ""texture_creamy"": 0.5, ""texture_chewy"": 0.5, ""physics_freshness"": 0.5, ""context_price_sensitivity"": 0.5, ""context_portion_preference"": 0.5}","{""flavor_spiciness"": 1.6, ""flavor_umami"": 1.4, ""physics_temperature"": 0.2, ""physics_richness"": 1.3, ""_default"": 1.0}"
120,13,Pikantne Miso Ramen,1.03,0.129,,"{""flavor_umami"": 0.9, ""flavor_saltiness"": 0.8, ""physics_temperature"": 0.9, ""physics_richness"": 0.7, ""flavor_sweetness"": 0.5, ""flavor_bitterness"": 0.5, ""flavor_spiciness"": 1.0, ""flavor_sourness"": 0.5, ""texture_crispy"": 0.5, ""texture_creamy"": 0.5, ""texture_chewy"": 0.5, ""physics_freshness"": 0.5, ""context_price_sensitivity"": 0.5, ""context_portion_preference"": 0.5}","{""flavor_spiciness"": 1.6, ""flavor_umami"": 1.4, ""physics_temperature"": 0.2, ""physics_richness"": 1.3, ""_default"": 1.0}"
121,14,Pho Bo,1.04,0.111,,"{""physics_temperature"": 0.9, ""flavor_umami"": 0.8, ""physics_freshness"": 0.7, ""physics_richness"": 0.5, ""flavor_sweetness"": 0.5, ""flavor_bitterness"": 0.5, ""flavor_spiciness"": 0.5, ""flavor_sourness"": 0.5, ""flavor_saltiness"": 0.5, ""texture_crispy"": 0.5, ""texture_creamy"": 0.5, ""texture_chewy"": 0.5, ""context_price_sensitivity"": 0.5, ""context_portion_preference"": 0.5}","{""flavor_spiciness"": 1.5, ""physics_temperature"": 0.2, ""physics_freshness"": 1.3, ""flavor_sweetness"": 0.3, ""_default"": 1.0}"
122,14,Pho Ga,0.96,0.111,,"{""physics_temperature"": 0.9, ""flavor_umami"": 0.8, ""physics_freshness"": 0.7, ""physics_richness"": 0.5, ""flavor_sweetness"": 0.5, ""flavor_bitterness"": 0.5, ""flavor_spiciness"": 0.5, ""flavor_sourness"": 0.5, ""flavor_saltiness"": 0.5, ""texture_crispy"": 0.5, ""texture_creamy"": 0.5, ""texture_chewy"": 0.5, ""context_price_sensitivity"": 0.5, ""context_portion_preference"": 0.5}","{""flavor_spiciness"": 1.5, ""physics_temperature"": 0.2, ""physics_freshness"": 1.3, ""flavor_sweetness"": 0.3, ""_default"": 1.0}"
123,15,California Roll,1.0,0.12,california roll sushi,"{""flavor_umami"": 0.7, ""physics_freshness"": 0.9, ""physics_temperature"": 0.3, ""texture_chewy"": 0.6, ""flavor_sweetness"": 0.5, ""flavor_bitterness"": 0.5, ""flavor_spiciness"": 0.5, ""flavor_sourness"": 0.5, ""flavor_saltiness"": 0.5, ""texture_crispy"": 0.5, ""texture_creamy"": 0.5, ""physics_richness"": 0.5, ""context_price_sensitivity"": 0.5, ""context_portion_preference"": 0.5}","{""physics_freshness"": 1.8, ""physics_temperature"": 0.2, ""texture_crispy"": 0.5, ""flavor_sweetness"": 0.4, ""_default"": 1.0}"
124,15,Dragon Roll,1.4,0.15,dragon roll sushi,"{""flavor_umami"": 0.7, ""physics_freshness"": 0.9, ""physics_temperature"": 0.3, ""texture_chewy"": 0.6, ""flavor_sweetness"": 0.5, ""flavor_bitterness"": 0.5, ""flavor_spiciness"": 0.5, ""flavor_sourness"": 0.5, ""flavor_saltiness"": 0.5, ""texture_crispy"": 0.5, ""texture_creamy"": 0.5, ""physics_richness"": 0.5, ""context_price_sensitivity"": 0.5, ""context_portion_preference"": 0.5}","{""physics_freshness"": 1.8, ""physics_temperature"": 0.2, ""texture_crispy"": 0.5, ""flavor_sweetness"": 0.4, ""_default"": 1.0}"
125,15,Nigiri z Łososia,0.48,0.08,sushi nigiri,"{""flavor_umami"": 0.7, ""physics_freshness"": 0.9, ""physics_temperature"": 0.3, ""texture_chewy"": 0.6, ""flavor_sweetness"": 0.5, ""flavor_bitterness"": 0.5, ""flavor_spiciness"": 0.5, ""flavor_sourness"": 0.5, ""flavor_saltiness"": 0.5, ""texture_crispy"": 0.5, ""texture_creamy"": 0.5, ""physics_richness"": 0.5, ""context_price_sensitivity"": 0.5, ""context_portion_preference"": 0.5}","{""physics_freshness"": 1.8, ""physics_temperature"": 0.2, ""texture_crispy"": 0.5, ""flavor_sweetness"": 0.4, ""_default"": 1.0}"
126,15,Nigiri z Tuńczyka,0.6,0.08,sushi nigiri,"{""flavor_umami"": 0.7, ""physics_freshness"": 0.9, ""physics_temperature"": 0.3, ""texture_chewy"": 0.6, ""flavor_sweetness"": 0.5, ""flavor_bitterness"": 0.5, ""flavor_spiciness"": 0.5, ""flavor_sourness"": 0.5, ""flavor_saltiness"": 0.5, ""texture_crispy"": 0.5, ""texture_creamy"": 0.5, ""physics_richness"": 0.5, ""context_price_sensitivity"": 0.5, ""context_portion_preference"": 0.5}","{""physics_freshness"": 1.8, ""physics_temperature"": 0.2, ""texture_crispy"": 0.5, ""flavor_sweetness"": 0.4, ""_default"": 1.0}"
127,15,Sashimi z Łososia,1.28,0.15,sashimi,"{""flavor_umami"": 0.7, ""physics_freshness"": 1.0, ""physics_temperature"": 0.3, ""texture_chewy"": 0.6, ""flavor_sweetness"": 0.5, ""flavor_bitterness"": 0.5, ""flavor_spiciness"": 0.5, ""flavor_sourness"": 0.5, ""flavor_saltiness"": 0.5, ""texture_crispy"": 0.5, ""texture_creamy"": 0.5, ""physics_richness"": 0.5, ""context_price_sensitivity"": 0.5, ""context_portion_preference"": 0.5}","{""physics_freshness"": 1.8, ""physics_temperature"": 0.2, ""texture_crispy"": 0.5, ""flavor_sweetness"": 0.4, ""_default"": 1.0}"
128,15,Pikantne Maki z Tuńczyka,1.12,0.12,sushi maki,"{""flavor_umami"": 0.7, ""physics_freshness"": 0.9, ""physics_temperature"": 0.3, ""texture_chewy"": 0.6, ""flavor_sweetness"": 0.5, ""flavor_bitterness"": 0.5, ""flavor_spiciness"": 0.7, ""flavor_sourness"": 0.5, ""flavor_saltiness"": 0.5, ""texture_crispy"": 0.5, ""texture_creamy"": 0.5, ""physics_richness"": 0.5, ""context_price_sensitivity"": 0.5, ""context_portion_preference"": 0.5}","{""physics_freshness"": 1.8, ""physics_temperature"": 0.2, ""texture_crispy"": 0.5, ""flavor_sweetness"": 0.4, ""_default"": 1.0}"
129,15,Philadelphia Roll,1.25,0.12,philadelphia roll sushi,"{""flavor_umami"": 0.7, ""physics_freshness"": 0.9, ""physics_temperature"": 0.3, ""texture_chewy"": 0.6, ""flavor_sweetness"": 0.5, ""flavor_bitterness"": 0.5, ""flavor_spiciness"": 0.5, ""flavor_sourness"": 0.5, ""flavor_saltiness"": 0.5, ""texture_crispy"": 0.5, ""texture_creamy"": 0.5, ""physics_richness"": 0.5, ""context_price_sensitivity"": 0.5, ""context_portion_preference"": 0.5}","{""physics_freshness"": 1.8, ""physics_temperature"": 0.2, ""texture_crispy"": 0.5, ""flavor_sweetness"": 0.4, ""_default"": 1.0}"
130,15,Tempura Roll,1.3,0.12,tempura sushi roll,"{""flavor_umami"": 0.7, ""physics_freshness"": 0.9, ""physics_temperature"": 0.3, ""texture_chewy"": 0.6, ""flavor_sweetness"": 0.5, ""flavor_bitterness"": 0.5, ""flavor_spiciness"": 0.5, ""flavor_sourness"": 0.5, ""flavor_saltiness"": 0.5, ""texture_crispy"": 0.9, ""texture_creamy"": 0.5, ""physics_richness"": 0.5, ""context_price_sensitivity"": 0.5, ""context_portion_preference"": 0.5}","{""physics_freshness"": 1.8, ""physics_temperature"": 0.2, ""texture_crispy"": 0.5, ""flavor_sweetness"": 0.4, ""_default"": 1.0}"
131,15,Spicy Salmon Roll,1.15,0.12,spicy salmon roll,"{""flavor_umami"": 0.7, ""physics_freshness"": 0.9, ""physics_temperature"": 0.3, ""texture_chewy"": 0.6, ""flavor_sweetness"": 0.5, ""flavor_bitterness"": 0.5, ""flavor_spiciness"": 1.0, ""flavor_sourness"": 0.5, ""flavor_saltiness"": 0.5, ""texture_crispy"": 0.5, ""texture_creamy"": 0.5, ""physics_richness"": 0.5, ""context_price_sensitivity"": 0.5, ""context_portion_preference"": 0.5}","{""physics_freshness"": 1.8, ""physics_temperature"": 0.2, ""texture_crispy"": 0.5, ""flavor_sweetness"": 0.4, ""_default"": 1.0}"
132,15,Rainbow Roll,1.4,0.12,rainbow roll sushi,"{""flavor_umami"": 0.7, ""physics_freshness"": 0.9, ""physics_temperature"": 0.3, ""texture_chewy"": 0.6, ""flavor_sweetness"": 0.5, ""flavor_bitterness"": 0.5, ""flavor_spiciness"": 0.5, ""flavor_sourness"": 0.5, ""flavor_saltiness"": 0.5, ""texture_crispy"": 0.5, ""texture_creamy"": 0.5, ""physics_richness"": 0.5, ""context_price_sensitivity"": 0.5, ""context_portion_preference"": 0.5}","{""physics_freshness"": 1.8, ""physics_temperature"": 0.2, ""texture_crispy"": 0.5, ""flavor_sweetness"": 0.4, ""_default"": 1.0}"
133,15,Avocado Maki,0.85,0.1,sushi maki,"{""flavor_umami"": 0.7, ""physics_freshness"": 0.9, ""physics_temperature"": 0.3, ""texture_chewy"": 0.6, ""flavor_sweetness"": 0.5, ""flavor_bitterness"": 0.5, ""flavor_spiciness"": 0.5, ""flavor_sourness"": 0.5, ""flavor_saltiness"": 0.5, ""texture_crispy"": 0.5, ""texture_creamy"": 0.9, ""physics_richness"": 0.7, ""context_price_sensitivity"": 0.5, ""context_portion_preference"": 0.5}","{""physics_freshness"": 1.8, ""physics_temperature"": 0.2, ""texture_crispy"": 0.5, ""flavor_sweetness"": 0.4, ""_default"": 1.0}"
134,16,Taco de Carne,1.0,0.125,,"{""flavor_spiciness"": 0.5, ""flavor_saltiness"": 0.6, ""texture_crispy"": 0.5, ""physics_temperature"": 0.7, ""flavor_sweetness"": 0.5, ""flavor_bitterness"": 0.5, ""flavor_umami"": 0.5, ""flavor_sourness"": 0.5, ""texture_creamy"": 0.5, ""texture_chewy"": 0.5, ""physics_richness"": 0.5, ""physics_freshness"": 0.5, ""context_price_sensitivity"": 0.5, ""context_portion_preference"": 0.5}","{""flavor_spiciness"": 1.7, ""physics_richness"": 1.3, ""physics_temperature"": 0.5, ""_default"": 1.0}"
135,16,Taco al Pastor,0.94,0.125,,"{""flavor_spiciness"": 0.5, ""flavor_saltiness"": 0.6, ""texture_crispy"": 0.5, ""physics_temperature"": 0.7, ""flavor_sweetness"": 0.5, ""flavor_bitterness"": 0.5, ""flavor_umami"": 0.5, ""flavor_sourness"": 0.5, ""texture_creamy"": 0.5, ""texture_chewy"": 0.5, ""physics_richness"": 0.5, ""physics_freshness"": 0.5, ""context_price_sensitivity"": 0.5, ""context_portion_preference"": 0.5}","{""flavor_spiciness"": 1.7, ""physics_richness"": 1.3, ""physics_temperature"": 0.5, ""_default"": 1.0}"
136,16,Taco Rybne,1.12,0.125,,"{""flavor_spiciness"": 0.5, ""flavor_saltiness"": 0.6, ""texture_crispy"": 0.5, ""physics_temperature"": 0.7, ""flavor_sweetness"": 0.5, ""flavor_bitterness"": 0.5, ""flavor_umami"": 0.5, ""flavor_sourness"": 0.5, ""texture_creamy"": 0.5, ""texture_chewy"": 0.5, ""physics_richness"": 0.5, ""physics_freshness"": 0.5, ""context_price_sensitivity"": 0.5, ""context_portion_preference"": 0.5}","{""flavor_spiciness"": 1.7, ""physics_richness"": 1.3, ""physics_temperature"": 0.5, ""_default"": 1.0}"
137,16,Taco Vegetariano,0.9,0.1,,"{""flavor_spiciness"": 0.5, ""flavor_saltiness"": 0.6, ""texture_crispy"": 0.5, ""physics_temperature"": 0.7, ""flavor_sweetness"": 0.5, ""flavor_bitterness"": 0.5, ""flavor_umami"": 0.5, ""flavor_sourness"": 0.5, ""texture_creamy"": 0.5, ""texture_chewy"": 0.5, ""physics_richness"": 0.1, ""physics_freshness"": 0.7, ""context_price_sensitivity"": 0.5, ""context_portion_preference"": 0.5}","{""flavor_spiciness"": 1.7, ""physics_richness"": 1.3, ""physics_temperature"": 0.5, ""_default"": 1.0}"
138,16,Taco de Pollo,1.05,0.1,,"{""flavor_spiciness"": 0.5, ""flavor_saltiness"": 0.6, ""texture_crispy"": 0.5, ""physics_temperature"": 0.7, ""flavor_sweetness"": 0.5, ""flavor_bitterness"": 0.5, ""flavor_umami"": 0.5, ""flavor_sourness"": 0.5, ""texture_creamy"": 0.5, ""texture_chewy"": 0.5, ""physics_richness"": 0.5, ""physics_freshness"": 0.5, ""context_price_sensitivity"": 0.5, ""context_portion_preference"": 0.5}","{""flavor_spiciness"": 1.7, ""physics_richness"": 1.3, ""physics_temperature"": 0.5, ""_default"": 1.0}"
139,16,Taco de Carnitas,1.15,0.1,,"{""flavor_spiciness"": 0.5, ""flavor_saltiness"": 0.6, ""texture_crispy"": 0.5, ""physics_temperature"": 0.7, ""flavor_sweetness"": 0.5, ""flavor_bitterness"": 0.5, ""flavor_umami"": 0.5, ""flavor_sourness"": 0.5, ""texture_creamy"": 0.5, ""texture_chewy"": 0.5, ""physics_richness"": 0.5, ""physics_freshness"": 0.5, ""context_price_sensitivity"": 0.5, ""context_portion_preference"": 0.5}","{""flavor_spiciness"": 1.7, ""physics_richness"": 1.3, ""physics_temperature"": 0.5, ""_default"": 1.0}"
140,16,Taco de Camarones,1.25,0.1,,"{""flavor_spiciness"": 0.5, ""flavor_saltiness"": 0.6, ""texture_crispy"": 0.5, ""physics_temperature"": 0.7, ""flavor_sweetness"": 0.5, ""flavor_bitterness"": 0.5, ""flavor_umami"": 0.5, ""flavor_sourness"": 0.5, ""texture_creamy"": 0.5, ""texture_chewy"": 0.5, ""physics_richness"": 0.5, ""physics_freshness"": 0.5, ""context_price_sensitivity"": 0.5, ""context_portion_preference"": 0.5}","{""flavor_spiciness"": 1.7, ""physics_richness"": 1.3, ""physics_temperature"": 0.5, ""_default"": 1.0}"
141,17,Burrito,1.04,0.125,burrito,"{""flavor_spiciness"": 0.7, ""flavor_umami"": 0.7, ""physics_richness"": 0.8, ""physics_temperature"": 0.8, ""flavor_sweetness"": 0.5, ""flavor_bitterness"": 0.5, ""flavor_sourness"": 0.5, ""flavor_saltiness"": 0.5, ""texture_crispy"": 0.5, ""texture_creamy"": 0.5, ""texture_chewy"": 0.5, ""physics_freshness"": 0.5, ""context_price_sensitivity"": 0.5, ""context_portion_preference"": 0.5}","{""flavor_spiciness"": 1.7, ""physics_richness"": 1.3, ""physics_temperature"": 0.5, ""_default"": 1.0}"
142,17,Quesadilla,0.83,0.083,quesadilla,"{""flavor_spiciness"": 0.7, ""flavor_umami"": 0.7, ""physics_richness"": 0.8, ""physics_temperature"": 0.8, ""flavor_sweetness"": 0.5, ""flavor_bitterness"": 0.5, ""flavor_sourness"": 0.5, ""flavor_saltiness"": 0.5, ""texture_crispy"": 0.5, ""texture_creamy"": 0.5, ""texture_chewy"": 0.5, ""physics_freshness"": 0.5, ""context_price_sensitivity"": 0.5, ""context_portion_preference"": 0.5}","{""flavor_spiciness"": 1.7, ""physics_richness"": 1.3, ""physics_temperature"": 0.5, ""_default"": 1.0}"
143,17,Nachos,1.0,0.125,nachos food,"{""flavor_spiciness"": 0.7, ""flavor_umami"": 0.7, ""physics_richness"": 0.8, ""physics_temperature"": 0.8, ""flavor_sweetness"": 0.5, ""flavor_bitterness"": 0.5, ""flavor_sourness"": 0.5, ""flavor_saltiness"": 0.5, ""texture_crispy"": 0.5, ""texture_creamy"": 0.5, ""texture_chewy"": 0.5, ""physics_freshness"": 0.5, ""context_price_sensitivity"": 0.5, ""context_portion_preference"": 0.5}","{""flavor_spiciness"": 1.7, ""physics_richness"": 1.3, ""physics_temperature"": 0.5, ""_default"": 1.0}"
144,17,Tortilla z Kurczakiem,1.12,0.125,chicken tortilla wrap,"{""flavor_spiciness"": 0.7, ""flavor_umami"": 0.7, ""physics_richness"": 0.8, ""physics_temperature"": 0.8, ""flavor_sweetness"": 0.9, ""flavor_bitterness"": 0.5, ""flavor_sourness"": 0.5, ""flavor_saltiness"": 0.3, ""texture_crispy"": 0.5, ""texture_creamy"": 0.5, ""texture_chewy"": 0.5, ""physics_freshness"": 0.5, ""context_price_sensitivity"": 0.5, ""context_portion_preference"": 0.5}","{""flavor_spiciness"": 1.7, ""physics_richness"": 1.3, ""physics_temperature"": 0.5, ""_default"": 1.0}"
145,17,Tortilla Wegetariańska,1.0,0.125,,"{""flavor_spiciness"": 0.7, ""flavor_umami"": 0.7, ""physics_richness"": 0.7, ""physics_temperature"": 0.8, ""flavor_sweetness"": 0.9, ""flavor_bitterness"": 0.5, ""flavor_sourness"": 0.5, ""flavor_saltiness"": 0.3, ""texture_crispy"": 0.5, ""texture_creamy"": 0.5, ""texture_chewy"": 0.5, ""physics_freshness"": 0.7, ""context_price_sensitivity"": 0.5, ""context_portion_preference"": 0.5}","{""flavor_spiciness"": 1.7, ""physics_richness"": 1.3, ""physics_temperature"": 0.5, ""_default"": 1.0}"
146,18,Czerwone Curry,1.0,0.125,red curry thai,"{""flavor_spiciness"": 0.6, ""flavor_umami"": 0.8, ""texture_creamy"": 0.7, ""physics_temperature"": 0.9, ""flavor_sweetness"": 0.5, ""flavor_bitterness"": 0.5, ""flavor_sourness"": 0.5, ""flavor_saltiness"": 0.5, ""texture_crispy"": 0.5, ""texture_chewy"": 0.5, ""physics_richness"": 0.5, ""physics_freshness"": 0.5, ""context_price_sensitivity"": 0.5, ""context_portion_preference"": 0.5}","{""flavor_spiciness"": 1.8, ""physics_richness"": 1.4, ""physics_temperature"": 0.3, ""_default"": 1.0}"
147,18,Zielone Curry,1.0,0.125,green curry thai,"{""flavor_spiciness"": 0.6, ""flavor_umami"": 0.8, ""texture_creamy"": 0.7, ""physics_temperature"": 0.9, ""flavor_sweetness"": 0.5, ""flavor_bitterness"": 0.5, ""flavor_sourness"": 0.5, ""flavor_saltiness"": 0.5, ""texture_crispy"": 0.5, ""texture_chewy"": 0.5, ""physics_richness"": 0.5, ""physics_freshness"": 0.5, ""context_price_sensitivity"": 0.5, ""context_portion_preference"": 0.5}","{""flavor_spiciness"": 1.8, ""physics_richness"": 1.4, ""physics_temperature"": 0.3, ""_default"": 1.0}"
148,18,Butter Chicken,1.09,0.125,butter chicken,"{""flavor_spiciness"": 0.6, ""flavor_umami"": 0.8, ""texture_creamy"": 1.0, ""physics_temperature"": 0.9, ""flavor_sweetness"": 0.5, ""flavor_bitterness"": 0.5, ""flavor_sourness"": 0.5, ""flavor_saltiness"": 0.5, ""texture_crispy"": 0.5, ""texture_chewy"": 0.5, ""physics_richness"": 0.7, ""physics_freshness"": 0.5, ""context_price_sensitivity"": 0.5, ""context_portion_preference"": 0.5}","{""flavor_spiciness"": 1.8, ""physics_richness"": 1.4, ""physics_temperature"": 0.3, ""_default"": 1.0}"
149,18,Tikka Masala,1.06,0.125,chicken tikka masala,"{""flavor_spiciness"": 0.6, ""flavor_umami"": 0.8, ""texture_creamy"": 0.7, ""physics_temperature"": 0.9, ""flavor_sweetness"": 0.5, ""flavor_bitterness"": 0.5, ""flavor_sourness"": 0.5, ""flavor_saltiness"": 0.5, ""texture_crispy"": 0.5, ""texture_chewy"": 0.5, ""physics_richness"": 0.5, ""physics_freshness"": 0.5, ""context_price_sensitivity"": 0.5, ""context_portion_preference"": 0.5}","{""flavor_spiciness"": 1.8, ""physics_richness"": 1.4, ""physics_temperature"": 0.3, ""_default"": 1.0}"
150,18,Vindaloo,1.0,0.125,vindaloo curry,"{""flavor_spiciness"": 1.0, ""flavor_umami"": 0.8, ""texture_creamy"": 0.7, ""physics_temperature"": 0.9, ""flavor_sweetness"": 0.5, ""flavor_bitterness"": 0.5, ""flavor_sourness"": 0.5, ""flavor_saltiness"": 0.5, ""texture_crispy"": 0.5, ""texture_chewy"": 0.5, ""physics_richness"": 0.5, ""physics_freshness"": 0.5, ""context_price_sensitivity"": 0.5, ""context_portion_preference"": 0.5}","{""flavor_spiciness"": 1.8, ""physics_richness"": 1.4, ""physics_temperature"": 0.3, ""_default"": 1.0}"
151,18,Massaman Curry,1.1,0.1,massaman curry,"{""flavor_spiciness"": 0.6, ""flavor_umami"": 0.8, ""texture_creamy"": 0.7, ""physics_temperature"": 0.9, ""flavor_sweetness"": 0.5, ""flavor_bitterness"": 0.5, ""flavor_sourness"": 0.5, ""flavor_saltiness"": 0.5, ""texture_crispy"": 0.5, ""texture_chewy"": 0.5, ""physics_richness"": 0.5, ""physics_freshness"": 0.5, ""context_price_sensitivity"": 0.5, ""context_portion_preference"": 0.5}","{""flavor_spiciness"": 1.8, ""physics_richness"": 1.4, ""physics_temperature"": 0.3, ""_default"": 1.0}"
152,18,Panang Curry,1.05,0.1,panang curry,"{""flavor_spiciness"": 0.6, ""flavor_umami"": 0.8, ""texture_creamy"": 0.7, ""physics_temperature"": 0.9, ""flavor_sweetness"": 0.5, ""flavor_bitterness"": 0.5, ""flavor_sourness"": 0.5, ""flavor_saltiness"": 0.5, ""texture_crispy"": 0.5, ""texture_chewy"": 0.5, ""physics_richness"": 0.5, ""physics_freshness"": 0.5, ""context_price_sensitivity"": 0.5, ""context_portion_preference"": 0.5}","{""flavor_spiciness"": 1.8, ""physics_richness"": 1.4, ""physics_temperature"": 0.3, ""_default"": 1.0}"
153,18,Korma Curry,1.1,0.1,korma curry,"{""flavor_spiciness"": 0.6, ""flavor_umami"": 0.8, ""texture_creamy"": 0.7, ""physics_temperature"": 0.9, ""flavor_sweetness"": 0.5, ""flavor_bitterness"": 0.5, ""flavor_sourness"": 0.5, ""flavor_saltiness"": 0.5, ""texture_crispy"": 0.5, ""texture_chewy"": 0.5, ""physics_richness"": 0.5, ""physics_freshness"": 0.5, ""context_price_sensitivity"": 0.5, ""context_portion_preference"": 0.5}","{""flavor_spiciness"": 1.8, ""physics_richness"": 1.4, ""physics_temperature"": 0.3, ""_default"": 1.0}"
154,19,Pierogi Ruskie,1.0,0.136,dumplings dish,"{""texture_chewy"": 0.8, ""physics_richness"": 0.6, ""physics_temperature"": 0.8, ""flavor_sweetness"": 0.5, ""flavor_bitterness"": 0.5, ""flavor_spiciness"": 0.5, ""flavor_umami"": 0.5, ""flavor_sourness"": 0.5, ""flavor_saltiness"": 0.5, ""texture_crispy"": 0.5, ""texture_creamy"": 0.5, ""physics_freshness"": 0.5, ""context_price_sensitivity"": 0.5, ""context_portion_preference"": 0.5}","{""physics_richness"": 1.3, ""physics_temperature"": 0.4, ""_default"": 1.0}"
155,19,Pierogi z Mięsem,1.1,0.136,dumplings dish,"{""texture_chewy"": 0.8, ""physics_richness"": 0.6, ""physics_temperature"": 0.8, ""flavor_sweetness"": 0.5, ""flavor_bitterness"": 0.5, ""flavor_spiciness"": 0.5, ""flavor_umami"": 0.8, ""flavor_sourness"": 0.5, ""flavor_saltiness"": 0.5, ""texture_crispy"": 0.5, ""texture_creamy"": 0.5, ""physics_freshness"": 0.5, ""context_price_sensitivity"": 0.5, ""context_portion_preference"": 0.5}","{""physics_richness"": 1.3, ""physics_temperature"": 0.4, ""_default"": 1.0}"
156,19,Pierogi z Kapustą i Grzybami,1.0,0.136,dumplings dish,"{""texture_chewy"": 0.8, ""physics_richness"": 0.6, ""physics_temperature"": 0.8, ""flavor_sweetness"": 0.5, ""flavor_bitterness"": 0.5, ""flavor_spiciness"": 0.5, ""flavor_umami"": 0.8, ""flavor_sourness"": 0.5, ""flavor_saltiness"": 0.5, ""texture_crispy"": 0.5, ""texture_creamy"": 0.5, ""physics_freshness"": 0.5, ""context_price_sensitivity"": 0.5, ""context_portion_preference"": 0.5}","{""physics_richness"": 1.3, ""physics_temperature"": 0.4, ""_default"": 1.0}"
157,19,Pierogi ze Szpinakiem i Serem,1.05,0.136,dumplings dish,"{""texture_chewy"": 0.8, ""physics_richness"": 1.0, ""physics_temperature"": 0.8, ""flavor_sweetness"": 0.5, ""flavor_bitterness"": 0.5, ""flavor_spiciness"": 0.5, ""flavor_umami"": 0.5, ""flavor_sourness"": 0.5, ""flavor_saltiness"": 0.5, ""texture_crispy"": 0.5, ""texture_creamy"": 0.9, ""physics_freshness"": 0.5, ""context_price_sensitivity"": 0.5, ""context_portion_preference"": 0.5}","{""physics_richness"": 1.3, ""physics_temperature"": 0.4, ""_default"": 1.0}"
158,19,Pierogi Słodkie z Jagodami,1.0,0.136,dumplings dish,"{""texture_chewy"": 0.8, ""physics_richness"": 0.6, ""physics_temperature"": 0.8, ""flavor_sweetness"": 0.9, ""flavor_bitterness"": 0.5, ""flavor_spiciness"": 0.5, ""flavor_umami"": 0.5, ""flavor_sourness"": 0.5, ""flavor_saltiness"": 0.3, ""texture_crispy"": 0.5, ""texture_creamy"": 0.5, ""physics_freshness"": 0.5, ""context_price_sensitivity"": 0.5, ""context_portion_preference"": 0.5}","{""physics_richness"": 1.3, ""physics_temperature"": 0.4, ""_default"": 1.0}"
159,19,Pierogi z Serem,0.95,0.136,dumplings dish,"{""texture_chewy"": 0.8, ""physics_richness"": 1.0, ""physics_temperature"": 0.8, ""flavor_sweetness"": 0.5, ""flavor_bitterness"": 0.5, ""flavor_spiciness"": 0.5, ""flavor_umami"": 0.5, ""flavor_sourness"": 0.5, ""flavor_saltiness"": 0.5, ""texture_crispy"": 0.5, ""texture_creamy"": 0.6, ""physics_freshness"": 0.5, ""context_price_sensitivity"": 0.5, ""context_portion_preference"": 0.5}","{""physics_richness"": 1.3, ""physics_temperature"": 0.4, ""_default"": 1.0}"
160,19,Pierogi z Ziemniakami i Boczkiem,1.1,0.136,dumplings dish,"{""texture_chewy"": 0.8, ""physics_richness"": 0.6, ""physics_temperature"": 0.8, ""flavor_sweetness"": 0.5, ""flavor_bitterness"": 0.5, ""flavor_spiciness"": 0.5, ""flavor_umami"": 0.5, ""flavor_sourness"": 0.5, ""flavor_saltiness"": 0.5, ""texture_crispy"": 0.5, ""texture_creamy"": 0.5, ""physics_freshness"": 0.5, ""context_price_sensitivity"": 0.5, ""context_portion_preference"": 0.5}","{""physics_richness"": 1.3, ""physics_temperature"": 0.4, ""_default"": 1.0}"
161,19,Pierogi z Wątróbką,1.05,0.136,dumplings dish,"{""texture_chewy"": 0.8, ""physics_richness"": 0.6, ""physics_temperature"": 0.8, ""flavor_sweetness"": 0.5, ""flavor_bitterness"": 0.5, ""flavor_spiciness"": 0.5, ""flavor_umami"": 0.5, ""flavor_sourness"": 0.5, ""flavor_saltiness"": 0.5, ""texture_crispy"": 0.5, ""texture_creamy"": 0.5, ""physics_freshness"": 0.5, ""context_price_sensitivity"": 0.5, ""context_portion_preference"": 0.5}","{""physics_richness"": 1.3, ""physics_temperature"": 0.4, ""_default"": 1.0}"
162,20,Naleśniki Klasyczne,1.1,0.15,crepes pancakes,"{""texture_chewy"": 0.6, ""physics_temperature"": 0.7, ""flavor_sweetness"": 0.4, ""flavor_bitterness"": 0.5, ""flavor_spiciness"": 0.5, ""flavor_umami"": 0.5, ""flavor_sourness"": 0.5, ""flavor_saltiness"": 0.5, ""texture_crispy"": 0.5, ""texture_creamy"": 0.5, ""physics_richness"": 0.5, ""physics_freshness"": 0.5, ""context_price_sensitivity"": 0.5, ""context_portion_preference"": 0.5}","{""flavor_sweetness"": 1.6, ""physics_temperature"": 0.5, ""flavor_spiciness"": 0.2, ""flavor_saltiness"": 0.3, ""_default"": 1.0}"
163,20,Naleśniki z Nutellą,1.1,0.1,crepes chocolate,"{""texture_chewy"": 0.6, ""physics_temperature"": 0.7, ""flavor_sweetness"": 0.4, ""flavor_bitterness"": 0.5, ""flavor_spiciness"": 0.5, ""flavor_umami"": 0.5, ""flavor_sourness"": 0.5, ""flavor_saltiness"": 0.5, ""texture_crispy"": 0.5, ""texture_creamy"": 0.5, ""physics_richness"": 0.5, ""physics_freshness"": 0.5, ""context_price_sensitivity"": 0.5, ""context_portion_preference"": 0.5}","{""flavor_sweetness"": 1.6, ""physics_temperature"": 0.5, ""flavor_spiciness"": 0.2, ""flavor_saltiness"": 0.3, ""_default"": 1.0}"
164,20,Naleśniki z Serem,1.0,0.1,crepes cheese,"{""texture_chewy"": 0.6, ""physics_temperature"": 0.7, ""flavor_sweetness"": 0.4, ""flavor_bitterness"": 0.5, ""flavor_spiciness"": 0.5, ""flavor_umami"": 0.5, ""flavor_sourness"": 0.5, ""flavor_saltiness"": 0.5, ""texture_crispy"": 0.5, ""texture_creamy"": 0.9, ""physics_richness"": 1.0, ""physics_freshness"": 0.5, ""context_price_sensitivity"": 0.5, ""context_portion_preference"": 0.5}","{""flavor_sweetness"": 1.6, ""physics_temperature"": 0.5, ""flavor_spiciness"": 0.2, ""flavor_saltiness"": 0.3, ""_default"": 1.0}"
165,20,Naleśniki z Dżemem,0.95,0.1,crepes jam,"{""texture_chewy"": 0.6, ""physics_temperature"": 0.7, ""flavor_sweetness"": 0.4, ""flavor_bitterness"": 0.5, ""flavor_spiciness"": 0.5, ""flavor_umami"": 0.5, ""flavor_sourness"": 0.5, ""flavor_saltiness"": 0.5, ""texture_crispy"": 0.5, ""texture_creamy"": 0.5, ""physics_richness"": 0.5, ""physics_freshness"": 0.5, ""context_price_sensitivity"": 0.5, ""context_portion_preference"": 0.5}","{""flavor_sweetness"": 1.6, ""physics_temperature"": 0.5, ""flavor_spiciness"": 0.2, ""flavor_saltiness"": 0.3, ""_default"": 1.0}"
166,21,Tiramisu,1.11,0.15,tiramisu,"{""flavor_sweetness"": 1.0, ""physics_richness"": 0.7, ""physics_temperature"": 0.4, ""flavor_bitterness"": 0.5, ""flavor_spiciness"": 0.5, ""flavor_umami"": 0.5, ""flavor_sourness"": 0.5, ""flavor_saltiness"": 0.3, ""texture_crispy"": 0.5, ""texture_creamy"": 0.5, ""texture_chewy"": 0.5, ""physics_freshness"": 0.5, ""context_price_sensitivity"": 0.5, ""context_portion_preference"": 0.5}","{""flavor_sweetness"": 1.8, ""flavor_spiciness"": 0.2, ""flavor_saltiness"": 0.3, ""flavor_umami"": 0.3, ""_default"": 1.0}"
167,21,Brownie,0.67,0.083,brownie,"{""flavor_sweetness"": 1.0, ""physics_richness"": 0.7, ""physics_temperature"": 0.4, ""flavor_bitterness"": 0.5, ""flavor_spiciness"": 0.5, ""flavor_umami"": 0.5, ""flavor_sourness"": 0.5, ""flavor_saltiness"": 0.3, ""texture_crispy"": 0.5, ""texture_creamy"": 0.5, ""texture_chewy"": 0.5, ""physics_freshness"": 0.5, ""context_price_sensitivity"": 0.5, ""context_portion_preference"": 0.5}","{""flavor_sweetness"": 1.8, ""flavor_spiciness"": 0.2, ""flavor_saltiness"": 0.3, ""flavor_umami"": 0.3, ""_default"": 1.0}"
168,21,Churros,0.89,0.111,churros,"{""flavor_sweetness"": 0.9, ""physics_richness"": 0.7, ""physics_temperature"": 0.4, ""flavor_bitterness"": 0.5, ""flavor_spiciness"": 0.5, ""flavor_umami"": 0.5, ""flavor_sourness"": 0.5, ""flavor_saltiness"": 0.5, ""texture_crispy"": 0.5, ""texture_creamy"": 0.5, ""texture_chewy"": 0.5, ""physics_freshness"": 0.5, ""context_price_sensitivity"": 0.5, ""context_portion_preference"": 0.5}","{""flavor_sweetness"": 1.8, ""flavor_spiciness"": 0.2, ""flavor_saltiness"": 0.3, ""flavor_umami"": 0.3, ""_default"": 1.0}"
169,21,Panna Cotta,1.0,0.111,panna cotta,"{""flavor_sweetness"": 1.0, ""physics_richness"": 0.7, ""physics_temperature"": 0.4, ""flavor_bitterness"": 0.5, ""flavor_spiciness"": 0.5, ""flavor_umami"": 0.5, ""flavor_sourness"": 0.5, ""flavor_saltiness"": 0.3, ""texture_crispy"": 0.5, ""texture_creamy"": 0.5, ""texture_chewy"": 0.5, ""physics_freshness"": 0.5, ""context_price_sensitivity"": 0.5, ""context_portion_preference"": 0.5}","{""flavor_sweetness"": 1.8, ""flavor_spiciness"": 0.2, ""flavor_saltiness"": 0.3, ""flavor_umami"": 0.3, ""_default"": 1.0}"
170,21,Ciasto Czekoladowe,0.78,0.111,chocolate cake slice,"{""flavor_sweetness"": 1.0, ""physics_richness"": 0.7, ""physics_temperature"": 0.4, ""flavor_bitterness"": 0.5, ""flavor_spiciness"": 0.5, ""flavor_umami"": 0.5, ""flavor_sourness"": 0.5, ""flavor_saltiness"": 0.3, ""texture_crispy"": 0.5, ""texture_creamy"": 0.5, ""texture_chewy"": 0.5, ""physics_freshness"": 0.5, ""context_price_sensitivity"": 0.5, ""context_portion_preference"": 0.5}","{""flavor_sweetness"": 1.8, ""flavor_spiciness"": 0.2, ""flavor_saltiness"": 0.3, ""flavor_umami"": 0.3, ""_default"": 1.0}"
171,21,Lawa Czekoladowa,1.33,0.15,chocolate lava cake,"{""flavor_sweetness"": 1.0, ""physics_richness"": 0.7, ""physics_temperature"": 0.4, ""flavor_bitterness"": 0.5, ""flavor_spiciness"": 0.5, ""flavor_umami"": 0.5, ""flavor_sourness"": 0.5, ""flavor_saltiness"": 0.3, ""texture_crispy"": 0.5, ""texture_creamy"": 0.5, ""texture_chewy"": 0.5, ""physics_freshness"": 0.5, ""context_price_sensitivity"": 0.5, ""context_portion_preference"": 0.5}","{""flavor_sweetness"": 1.8, ""flavor_spiciness"": 0.2, ""flavor_saltiness"": 0.3, ""flavor_umami"": 0.3, ""_default"": 1.0}"
172,21,Creme Caramel,0.94,0.111,creme caramel,"{""flavor_sweetness"": 0.9, ""physics_richness"": 0.7, ""physics_temperature"": 0.4, ""flavor_bitterness"": 0.5, ""flavor_spiciness"": 0.5, ""flavor_umami"": 0.5, ""flavor_sourness"": 0.5, ""flavor_saltiness"": 0.5, ""texture_crispy"": 0.5, ""texture_creamy"": 0.5, ""texture_chewy"": 0.5, ""physics_freshness"": 0.5, ""context_price_sensitivity"": 0.5, ""context_portion_preference"": 0.5}","{""flavor_sweetness"": 1.8, ""flavor_spiciness"": 0.2, ""flavor_saltiness"": 0.3, ""flavor_umami"": 0.3, ""_default"": 1.0}"
173,21,Crème Brûlée,1.22,0.15,creme brulee,"{""flavor_sweetness"": 0.9, ""physics_richness"": 0.7, ""physics_temperature"": 0.4, ""flavor_bitterness"": 0.5, ""flavor_spiciness"": 0.5, ""flavor_umami"": 0.5, ""flavor_sourness"": 0.5, ""flavor_saltiness"": 0.5, ""texture_crispy"": 0.5, ""texture_creamy"": 0.5, ""texture_chewy"": 0.5, ""physics_freshness"": 0.5, ""context_price_sensitivity"": 0.5, ""context_portion_preference"": 0.5}","{""flavor_sweetness"": 1.8, ""flavor_spiciness"": 0.2, ""flavor_saltiness"": 0.3, ""flavor_umami"": 0.3, ""_default"": 1.0}"
174,21,Baklava,1.0,0.111,baklava,"{""flavor_sweetness"": 0.9, ""physics_richness"": 0.7, ""physics_temperature"": 0.4, ""flavor_bitterness"": 0.5, ""flavor_spiciness"": 0.5, ""flavor_umami"": 0.5, ""flavor_sourness"": 0.5, ""flavor_saltiness"": 0.5, ""texture_crispy"": 0.5, ""texture_creamy"": 0.5, ""texture_chewy"": 0.5, ""physics_freshness"": 0.5, ""context_price_sensitivity"": 0.5, ""context_portion_preference"": 0.5}","{""flavor_sweetness"": 1.8, ""flavor_spiciness"": 0.2, ""flavor_saltiness"": 0.3, ""flavor_umami"": 0.3, ""_default"": 1.0}"
175,21,Sernik,0.89,0.111,cheesecake,"{""flavor_sweetness"": 1.0, ""physics_richness"": 1.0, ""physics_temperature"": 0.4, ""flavor_bitterness"": 0.5, ""flavor_spiciness"": 0.5, ""flavor_umami"": 0.5, ""flavor_sourness"": 0.5, ""flavor_saltiness"": 0.3, ""texture_crispy"": 0.5, ""texture_creamy"": 0.9, ""texture_chewy"": 0.5, ""physics_freshness"": 0.5, ""context_price_sensitivity"": 0.5, ""context_portion_preference"": 0.5}","{""flavor_sweetness"": 1.8, ""flavor_spiciness"": 0.2, ""flavor_saltiness"": 0.3, ""flavor_umami"": 0.3, ""_default"": 1.0}"
176,21,Szarlotka,0.89,0.111,apple pie,"{""flavor_sweetness"": 1.0, ""physics_richness"": 0.7, ""physics_temperature"": 0.4, ""flavor_bitterness"": 0.5, ""flavor_spiciness"": 0.5, ""flavor_umami"": 0.5, ""flavor_sourness"": 0.5, ""flavor_saltiness"": 0.3, ""texture_crispy"": 0.5, ""texture_creamy"": 0.5, ""texture_chewy"": 0.5, ""physics_freshness"": 0.5, ""context_price_sensitivity"": 0.5, ""context_portion_preference"": 0.5}","{""flavor_sweetness"": 1.8, ""flavor_spiciness"": 0.2, ""flavor_saltiness"": 0.3, ""flavor_umami"": 0.3, ""_default"": 1.0}"
177,21,Makowiec,1.0,0.111,poppy seed cake,"{""flavor_sweetness"": 1.0, ""physics_richness"": 0.7, ""physics_temperature"": 0.4, ""flavor_bitterness"": 0.5, ""flavor_spiciness"": 0.5, ""flavor_umami"": 0.5, ""flavor_sourness"": 0.5, ""flavor_saltiness"": 0.3, ""texture_crispy"": 0.5, ""texture_creamy"": 0.5, ""texture_chewy"": 0.5, ""physics_freshness"": 0.5, ""context_price_sensitivity"": 0.5, ""context_portion_preference"": 0.5}","{""flavor_sweetness"": 1.8, ""flavor_spiciness"": 0.2, ""flavor_saltiness"": 0.3, ""flavor_umami"": 0.3, ""_default"": 1.0}"
178,21,Profiterole,1.22,0.15,profiteroles,"{""flavor_sweetness"": 1.0, ""physics_richness"": 0.4, ""physics_temperature"": 0.4, ""flavor_bitterness"": 0.5, ""flavor_spiciness"": 0.5, ""flavor_umami"": 0.5, ""flavor_sourness"": 0.5, ""flavor_saltiness"": 0.3, ""texture_crispy"": 0.5, ""texture_creamy"": 0.5, ""texture_chewy"": 0.5, ""physics_freshness"": 0.5, ""context_price_sensitivity"": 0.5, ""context_portion_preference"": 0.5}","{""flavor_sweetness"": 1.8, ""flavor_spiciness"": 0.2, ""flavor_saltiness"": 0.3, ""flavor_umami"": 0.3, ""_default"": 1.0}"
179,21,Eklerki,1.11,0.111,eclairs,"{""flavor_sweetness"": 1.0, ""physics_richness"": 0.7, ""physics_temperature"": 0.4, ""flavor_bitterness"": 0.5, ""flavor_spiciness"": 0.5, ""flavor_umami"": 0.5, ""flavor_sourness"": 0.5, ""flavor_saltiness"": 0.3, ""texture_crispy"": 0.5, ""texture_creamy"": 0.5, ""texture_chewy"": 0.5, ""physics_freshness"": 0.5, ""context_price_sensitivity"": 0.5, ""context_portion_preference"": 0.5}","{""flavor_sweetness"": 1.8, ""flavor_spiciness"": 0.2, ""flavor_saltiness"": 0.3, ""flavor_umami"": 0.3, ""_default"": 1.0}"
180,21,Tarta Cytrynowa,1.06,0.111,lemon tart,"{""flavor_sweetness"": 0.9, ""physics_richness"": 0.7, ""physics_temperature"": 0.4, ""flavor_bitterness"": 0.5, ""flavor_spiciness"": 0.5, ""flavor_umami"": 0.5, ""flavor_sourness"": 0.9, ""flavor_saltiness"": 0.5, ""texture_crispy"": 0.5, ""texture_creamy"": 0.5, ""texture_chewy"": 0.5, ""physics_freshness"": 0.5, ""context_price_sensitivity"": 0.5, ""context_portion_preference"": 0.5}","{""flavor_sweetness"": 1.8, ""flavor_spiciness"": 0.2, ""flavor_saltiness"": 0.3, ""flavor_umami"": 0.3, ""_default"": 1.0}"
181,21,Tarta Jabłkowa,1.0,0.111,apple tart,"{""flavor_sweetness"": 0.9, ""physics_richness"": 0.7, ""physics_temperature"": 0.4, ""flavor_bitterness"": 0.5, ""flavor_spiciness"": 0.5, ""flavor_umami"": 0.5, ""flavor_sourness"": 0.5, ""flavor_saltiness"": 0.5, ""texture_crispy"": 0.5, ""texture_creamy"": 0.5, ""texture_chewy"": 0.5, ""physics_freshness"": 0.5, ""context_price_sensitivity"": 0.5, ""context_portion_preference"": 0.5}","{""flavor_sweetness"": 1.8, ""flavor_spiciness"": 0.2, ""flavor_saltiness"": 0.3, ""flavor_umami"": 0.3, ""_default"": 1.0}"
182,22,Herbata Czarna,0.89,0.111,,"{""physics_temperature"": 0.9, ""flavor_bitterness"": 0.3, ""physics_richness"": 0.0, ""flavor_sweetness"": 0.5, ""flavor_spiciness"": 0.5, ""flavor_umami"": 0.5, ""flavor_sourness"": 0.5, ""flavor_saltiness"": 0.5, ""texture_crispy"": 0.5, ""texture_creamy"": 0.5, ""texture_chewy"": 0.5, ""physics_freshness"": 0.5, ""context_price_sensitivity"": 0.5, ""context_portion_preference"": 0.5}","{""physics_temperature"": 0.5, ""flavor_sweetness"": 1.3, ""_default"": 1.0}"
183,22,Herbata Zielona,1.0,0.111,,"{""physics_temperature"": 0.9, ""flavor_bitterness"": 0.3, ""physics_richness"": 0.0, ""flavor_sweetness"": 0.5, ""flavor_spiciness"": 0.5, ""flavor_umami"": 0.5, ""flavor_sourness"": 0.5, ""flavor_saltiness"": 0.5, ""texture_crispy"": 0.5, ""texture_creamy"": 0.5, ""texture_chewy"": 0.5, ""physics_freshness"": 0.5, ""context_price_sensitivity"": 0.5, ""context_portion_preference"": 0.5}","{""physics_temperature"": 0.5, ""flavor_sweetness"": 1.3, ""_default"": 1.0}"
184,22,Herbata Owocowa,1.0,0.111,,"{""physics_temperature"": 0.9, ""flavor_bitterness"": 0.3, ""physics_richness"": 0.0, ""flavor_sweetness"": 0.5, ""flavor_spiciness"": 0.5, ""flavor_umami"": 0.5, ""flavor_sourness"": 0.5, ""flavor_saltiness"": 0.5, ""texture_crispy"": 0.5, ""texture_creamy"": 0.5, ""texture_chewy"": 0.5, ""physics_freshness"": 0.9, ""context_price_sensitivity"": 0.5, ""context_portion_preference"": 0.5}","{""physics_temperature"": 0.5, ""flavor_sweetness"": 1.3, ""_default"": 1.0}"
185,22,Herbata Miętowa,1.0,0.111,,"{""physics_temperature"": 0.9, ""flavor_bitterness"": 0.3, ""physics_richness"": 0.0, ""flavor_sweetness"": 0.5, ""flavor_spiciness"": 0.5, ""flavor_umami"": 0.5, ""flavor_sourness"": 0.5, ""flavor_saltiness"": 0.5, ""texture_crispy"": 0.5, ""texture_creamy"": 0.5, ""texture_chewy"": 0.5, ""physics_freshness"": 0.5, ""context_price_sensitivity"": 0.5, ""context_portion_preference"": 0.5}","{""physics_temperature"": 0.5, ""flavor_sweetness"": 1.3, ""_default"": 1.0}"
186,22,Mrożona Herbata,1.22,0.15,,"{""physics_temperature"": 0.1, ""flavor_bitterness"": 0.3, ""physics_richness"": 0.0, ""flavor_sweetness"": 0.5, ""flavor_spiciness"": 0.5, ""flavor_umami"": 0.5, ""flavor_sourness"": 0.5, ""flavor_saltiness"": 0.5, ""texture_crispy"": 0.5, ""texture_creamy"": 0.5, ""texture_chewy"": 0.5, ""physics_freshness"": 0.5, ""context_price_sensitivity"": 0.5, ""context_portion_preference"": 0.5}","{""physics_temperature"": 1.0}"
187,23,Espresso,0.67,0.083,espresso,"{""physics_temperature"": 0.9, ""flavor_bitterness"": 1.0, ""physics_richness"": 0.3, ""flavor_sweetness"": 0.5, ""flavor_spiciness"": 0.5, ""flavor_umami"": 0.5, ""flavor_sourness"": 0.5, ""flavor_saltiness"": 0.5, ""texture_crispy"": 0.5, ""texture_creamy"": 0.5, ""texture_chewy"": 0.5, ""physics_freshness"": 0.5, ""context_price_sensitivity"": 0.5, ""context_portion_preference"": 0.5}","{""physics_temperature"": 0.5, ""flavor_bitterness"": 1.5, ""flavor_sweetness"": 1.4, ""_default"": 1.0}"
188,23,Americano,0.83,0.083,americano coffee,"{""physics_temperature"": 0.9, ""flavor_bitterness"": 0.7, ""physics_richness"": 0.3, ""flavor_sweetness"": 0.5, ""flavor_spiciness"": 0.5, ""flavor_umami"": 0.5, ""flavor_sourness"": 0.5, ""flavor_saltiness"": 0.5, ""texture_crispy"": 0.5, ""texture_creamy"": 0.5, ""texture_chewy"": 0.5, ""physics_freshness"": 0.5, ""context_price_sensitivity"": 0.5, ""context_portion_preference"": 0.5}","{""physics_temperature"": 0.5, ""flavor_bitterness"": 1.5, ""flavor_sweetness"": 1.4, ""_default"": 1.0}"
189,23,Cappuccino,1.0,0.125,cappuccino,"{""physics_temperature"": 0.9, ""flavor_bitterness"": 0.7, ""physics_richness"": 0.3, ""flavor_sweetness"": 0.5, ""flavor_spiciness"": 0.5, ""flavor_umami"": 0.5, ""flavor_sourness"": 0.5, ""flavor_saltiness"": 0.5, ""texture_crispy"": 0.5, ""texture_creamy"": 0.5, ""texture_chewy"": 0.5, ""physics_freshness"": 0.5, ""context_price_sensitivity"": 0.5, ""context_portion_preference"": 0.5}","{""physics_temperature"": 0.5, ""flavor_bitterness"": 1.5, ""flavor_sweetness"": 1.4, ""_default"": 1.0}"
190,23,Latte,1.17,0.125,latte coffee,"{""physics_temperature"": 0.9, ""flavor_bitterness"": 0.7, ""physics_richness"": 0.3, ""flavor_sweetness"": 0.5, ""flavor_spiciness"": 0.5, ""flavor_umami"": 0.5, ""flavor_sourness"": 0.5, ""flavor_saltiness"": 0.5, ""texture_crispy"": 0.5, ""texture_creamy"": 0.5, ""texture_chewy"": 0.5, ""physics_freshness"": 0.5, ""context_price_sensitivity"": 0.5, ""context_portion_preference"": 0.5}","{""physics_temperature"": 0.5, ""flavor_bitterness"": 1.5, ""flavor_sweetness"": 1.4, ""_default"": 1.0}"
191,23,Mrożona Kawa,1.17,0.15,,"{""physics_temperature"": 0.1, ""flavor_bitterness"": 1.0, ""physics_richness"": 0.3, ""flavor_sweetness"": 0.5, ""flavor_spiciness"": 0.5, ""flavor_umami"": 0.5, ""flavor_sourness"": 0.5, ""flavor_saltiness"": 0.5, ""texture_crispy"": 0.5, ""texture_creamy"": 0.5, ""texture_chewy"": 0.5, ""physics_freshness"": 0.5, ""context_price_sensitivity"": 0.5, ""context_portion_preference"": 0.5}","{""physics_temperature"": 1.0}"
192,24,Gorąca Czekolada Klasyczna,0.93,0.133,hot chocolate drink,"{""flavor_sweetness"": 1.0, ""physics_temperature"": 0.9, ""physics_richness"": 0.8, ""texture_creamy"": 0.7, ""flavor_bitterness"": 0.5, ""flavor_spiciness"": 0.5, ""flavor_umami"": 0.5, ""flavor_sourness"": 0.5, ""flavor_saltiness"": 0.3, ""texture_crispy"": 0.5, ""texture_chewy"": 0.5, ""physics_freshness"": 0.5, ""context_price_sensitivity"": 0.5, ""context_portion_preference"": 0.5}","{""physics_temperature"": 0.3, ""flavor_sweetness"": 1.5, ""texture_creamy"": 1.4, ""_default"": 1.0}"
193,24,Gorąca Czekolada z Bitą Śmietaną,1.07,0.133,hot chocolate whipped cream,"{""flavor_sweetness"": 1.0, ""physics_temperature"": 0.9, ""physics_richness"": 1.0, ""texture_creamy"": 1.0, ""flavor_bitterness"": 0.5, ""flavor_spiciness"": 0.5, ""flavor_umami"": 0.5, ""flavor_sourness"": 0.5, ""flavor_saltiness"": 0.3, ""texture_crispy"": 0.5, ""texture_chewy"": 0.5, ""physics_freshness"": 0.5, ""context_price_sensitivity"": 0.5, ""context_portion_preference"": 0.5}","{""physics_temperature"": 0.3, ""flavor_sweetness"": 1.5, ""texture_creamy"": 1.4, ""_default"": 1.0}"
194,25,Cola,0.73,0.091,cola drink,"{""flavor_sweetness"": 1.0, ""physics_temperature"": 0.2, ""flavor_bitterness"": 0.5, ""flavor_spiciness"": 0.5, ""flavor_umami"": 0.5, ""flavor_sourness"": 0.5, ""flavor_saltiness"": 0.3, ""texture_crispy"": 0.5, ""texture_creamy"": 0.5, ""texture_chewy"": 0.5, ""physics_richness"": 0.5, ""physics_freshness"": 0.5, ""context_price_sensitivity"": 0.5, ""context_portion_preference"": 0.5}","{""physics_temperature"": 0.3, ""flavor_sweetness"": 1.5, ""_default"": 1.0}"
195,25,Sok Pomarańczowy,0.91,0.136,orange juice,"{""flavor_sweetness"": 1.0, ""physics_temperature"": 0.2, ""flavor_bitterness"": 0.5, ""flavor_spiciness"": 0.5, ""flavor_umami"": 0.5, ""flavor_sourness"": 0.5, ""flavor_saltiness"": 0.3, ""texture_crispy"": 0.5, ""texture_creamy"": 0.5, ""texture_chewy"": 0.5, ""physics_richness"": 0.5, ""physics_freshness"": 0.5, ""context_price_sensitivity"": 0.5, ""context_portion_preference"": 0.5}","{""physics_temperature"": 0.3, ""flavor_sweetness"": 1.5, ""_default"": 1.0}"
196,25,Sok Jabłkowy,0.82,0.136,apple juice,"{""flavor_sweetness"": 1.0, ""physics_temperature"": 0.2, ""flavor_bitterness"": 0.5, ""flavor_spiciness"": 0.5, ""flavor_umami"": 0.5, ""flavor_sourness"": 0.5, ""flavor_saltiness"": 0.3, ""texture_crispy"": 0.5, ""texture_creamy"": 0.5, ""texture_chewy"": 0.5, ""physics_richness"": 0.5, ""physics_freshness"": 0.5, ""context_price_sensitivity"": 0.5, ""context_portion_preference"": 0.5}","{""physics_temperature"": 0.3, ""flavor_sweetness"": 1.5, ""_default"": 1.0}"
197,25,Lemoniada,1.09,0.15,lemonade,"{""flavor_sweetness"": 1.0, ""physics_temperature"": 0.2, ""flavor_bitterness"": 0.5, ""flavor_spiciness"": 0.5, ""flavor_umami"": 0.5, ""flavor_sourness"": 0.9, ""flavor_saltiness"": 0.3, ""texture_crispy"": 0.5, ""texture_creamy"": 0.5, ""texture_chewy"": 0.5, ""physics_richness"": 0.5, ""physics_freshness"": 0.5, ""context_price_sensitivity"": 0.5, ""context_portion_preference"": 0.5}","{""physics_temperature"": 0.3, ""flavor_sweetness"": 1.5, ""_default"": 1.0}"
198,25,Lemoniada Malinowa,1.18,0.15,,"{""flavor_sweetness"": 1.0, ""physics_temperature"": 0.2, ""flavor_bitterness"": 0.5, ""flavor_spiciness"": 0.5, ""flavor_umami"": 0.5, ""flavor_sourness"": 0.9, ""flavor_saltiness"": 0.3, ""texture_crispy"": 0.5, ""texture_creamy"": 0.5, ""texture_chewy"": 0.5, ""physics_richness"": 0.5, ""physics_freshness"": 0.5, ""context_price_sensitivity"": 0.5, ""context_portion_preference"": 0.5}","{""physics_temperature"": 0.3, ""flavor_sweetness"": 1.5, ""_default"": 1.0}"
199,25,Zielone Smoothie,1.64,0.15,green smoothie,"{""flavor_sweetness"": 0.8, ""physics_temperature"": 0.1, ""flavor_bitterness"": 0.5, ""flavor_spiciness"": 0.5, ""flavor_umami"": 0.5, ""flavor_sourness"": 0.5, ""flavor_saltiness"": 0.5, ""texture_crispy"": 0.5, ""texture_creamy"": 0.5, ""texture_chewy"": 0.5, ""physics_richness"": 0.5, ""physics_freshness"": 0.5, ""context_price_sensitivity"": 0.5, ""context_portion_preference"": 0.5}","{""physics_temperature"": 0.3, ""flavor_sweetness"": 1.5, ""_default"": 1.0}"
200,26,Piwo Pszeniczne,1.03,0.138,wheat beer glass,"{""flavor_bitterness"": 0.5, ""physics_temperature"": 0.2, ""physics_freshness"": 0.6, ""flavor_sweetness"": 0.5, ""flavor_spiciness"": 0.5, ""flavor_umami"": 0.5, ""flavor_sourness"": 0.5, ""flavor_saltiness"": 0.5, ""texture_crispy"": 0.5, ""texture_creamy"": 0.5, ""texture_chewy"": 0.5, ""physics_richness"": 0.5, ""context_price_sensitivity"": 0.5, ""context_portion_preference"": 0.5}","{""physics_temperature"": 0.3, ""flavor_bitterness"": 1.5, ""_default"": 1.0}"
201,26,Piwo Lager,0.83,0.138,lager beer glass,"{""flavor_bitterness"": 0.5, ""physics_temperature"": 0.2, ""physics_freshness"": 0.6, ""flavor_sweetness"": 0.5, ""flavor_spiciness"": 0.5, ""flavor_umami"": 0.5, ""flavor_sourness"": 0.5, ""flavor_saltiness"": 0.5, ""texture_crispy"": 0.5, ""texture_creamy"": 0.5, ""texture_chewy"": 0.5, ""physics_richness"": 0.5, ""context_price_sensitivity"": 0.5, ""context_portion_preference"": 0.5}","{""physics_temperature"": 0.3, ""flavor_bitterness"": 1.5, ""_default"": 1.0}"
202,26,Piwo IPA,1.1,0.138,ipa beer,"{""flavor_bitterness"": 0.9, ""physics_temperature"": 0.2, ""physics_freshness"": 0.6, ""flavor_sweetness"": 0.5, ""flavor_spiciness"": 0.5, ""flavor_umami"": 0.5, ""flavor_sourness"": 0.5, ""flavor_saltiness"": 0.5, ""texture_crispy"": 0.5, ""texture_creamy"": 0.5, ""texture_chewy"": 0.5, ""physics_richness"": 0.5, ""context_price_sensitivity"": 0.5, ""context_portion_preference"": 0.5}","{""physics_temperature"": 0.3, ""flavor_bitterness"": 1.5, ""_default"": 1.0}"
203,26,Pilsner,0.97,0.138,pilsner beer,"{""flavor_bitterness"": 0.5, ""physics_temperature"": 0.2, ""physics_freshness"": 0.6, ""flavor_sweetness"": 0.5, ""flavor_spiciness"": 0.5, ""flavor_umami"": 0.5, ""flavor_sourness"": 0.5, ""flavor_saltiness"": 0.5, ""texture_crispy"": 0.5, ""texture_creamy"": 0.5, ""texture_chewy"": 0.5, ""physics_richness"": 0.5, ""context_price_sensitivity"": 0.5, ""context_portion_preference"": 0.5}","{""physics_temperature"": 0.3, ""flavor_bitterness"": 1.5, ""_default"": 1.0}"
204,27,Wino Czerwone,1.02,0.15,red wine glass,"{""flavor_sourness"": 0.4, ""flavor_sweetness"": 0.3, ""physics_temperature"": 0.4, ""flavor_bitterness"": 0.5, ""flavor_spiciness"": 0.5, ""flavor_umami"": 0.5, ""flavor_saltiness"": 0.5, ""texture_crispy"": 0.5, ""texture_creamy"": 0.5, ""texture_chewy"": 0.5, ""physics_richness"": 0.5, ""physics_freshness"": 0.5, ""context_price_sensitivity"": 0.5, ""context_portion_preference"": 0.5}","{""physics_temperature"": 0.5, ""_default"": 1.0}"
205,27,Wino Białe,0.98,0.15,white wine glass,"{""flavor_sourness"": 0.4, ""flavor_sweetness"": 0.3, ""physics_temperature"": 0.4, ""flavor_bitterness"": 0.5, ""flavor_spiciness"": 0.5, ""flavor_umami"": 0.5, ""flavor_saltiness"": 0.5, ""texture_crispy"": 0.5, ""texture_creamy"": 0.5, ""texture_chewy"": 0.5, ""physics_richness"": 0.5, ""physics_freshness"": 0.5, ""context_price_sensitivity"": 0.5, ""context_portion_preference"": 0.5}","{""physics_temperature"": 0.5, ""_default"": 1.0}"
206,28,Skrzydełka Kurczaka,1.27,0.136,chicken wings,"{""flavor_saltiness"": 0.6, ""physics_richness"": 0.5, ""flavor_sweetness"": 0.5, ""flavor_bitterness"": 0.5, ""flavor_spiciness"": 0.5, ""flavor_umami"": 0.5, ""flavor_sourness"": 0.5, ""texture_crispy"": 0.5, ""texture_creamy"": 0.5, ""texture_chewy"": 0.5, ""physics_temperature"": 0.5, ""physics_freshness"": 0.5, ""context_price_sensitivity"": 0.5, ""context_portion_preference"": 0.5}","{""physics_temperature"": 0.6, ""_default"": 1.0}"
207,28,Krążki Cebulowe,0.68,0.091,onion rings,"{""flavor_saltiness"": 0.6, ""physics_richness"": 0.5, ""flavor_sweetness"": 0.5, ""flavor_bitterness"": 0.5, ""flavor_spiciness"": 0.5, ""flavor_umami"": 0.5, ""flavor_sourness"": 0.5, ""texture_crispy"": 0.5, ""texture_creamy"": 0.5, ""texture_chewy"": 0.5, ""physics_temperature"": 0.5, ""physics_freshness"": 0.5, ""context_price_sensitivity"": 0.5, ""context_portion_preference"": 0.5}","{""physics_temperature"": 0.6, ""_default"": 1.0}"
208,28,Paluszki Mozzarelli,0.91,0.091,mozzarella sticks,"{""flavor_saltiness"": 0.6, ""physics_richness"": 0.5, ""flavor_sweetness"": 0.5, ""flavor_bitterness"": 0.5, ""flavor_spiciness"": 0.5, ""flavor_umami"": 0.5, ""flavor_sourness"": 0.5, ""texture_crispy"": 0.5, ""texture_creamy"": 0.5, ""texture_chewy"": 0.5, ""physics_temperature"": 0.5, ""physics_freshness"": 0.5, ""context_price_sensitivity"": 0.5, ""context_portion_preference"": 0.5}","{""physics_temperature"": 0.6, ""_default"": 1.0}"
209,28,Bruschetta,0.82,0.091,bruschetta,"{""flavor_saltiness"": 0.6, ""physics_richness"": 0.5, ""flavor_sweetness"": 0.5, ""flavor_bitterness"": 0.5, ""flavor_spiciness"": 0.5, ""flavor_umami"": 0.5, ""flavor_sourness"": 0.5, ""texture_crispy"": 0.5, ""texture_creamy"": 0.5, ""texture_chewy"": 0.5, ""physics_temperature"": 0.5, ""physics_freshness"": 0.5, ""context_price_sensitivity"": 0.5, ""context_portion_preference"": 0.5}","{""physics_temperature"": 0.6, ""_default"": 1.0}"
210,28,Carpaccio,1.73,0.15,beef carpaccio,"{""flavor_saltiness"": 0.6, ""physics_richness"": 0.5, ""flavor_sweetness"": 0.5, ""flavor_bitterness"": 0.5, ""flavor_spiciness"": 0.5, ""flavor_umami"": 0.5, ""flavor_sourness"": 0.5, ""texture_crispy"": 0.5, ""texture_creamy"": 0.5, ""texture_chewy"": 0.5, ""physics_temperature"": 0.5, ""physics_freshness"": 0.5, ""context_price_sensitivity"": 0.5, ""context_portion_preference"": 0.5}","{""physics_temperature"": 0.6, ""_default"": 1.0}"
211,28,Tatar,1.91,0.15,steak tartare,"{""flavor_saltiness"": 0.6, ""physics_richness"": 0.5, ""flavor_sweetness"": 0.5, ""flavor_bitterness"": 0.5, ""flavor_spiciness"": 0.5, ""flavor_umami"": 0.5, ""flavor_sourness"": 0.5, ""texture_crispy"": 0.5, ""texture_creamy"": 0.5, ""texture_chewy"": 0.5, ""physics_temperature"": 0.1, ""physics_freshness"": 0.9, ""context_price_sensitivity"": 0.5, ""context_portion_preference"": 0.5}","{""physics_temperature"": 0.6, ""_default"": 1.0}"
212,28,Ogon Homara,3.41,0.15,lobster tail,"{""flavor_saltiness"": 0.6, ""physics_richness"": 0.5, ""flavor_sweetness"": 0.5, ""flavor_bitterness"": 0.5, ""flavor_spiciness"": 0.5, ""flavor_umami"": 0.5, ""flavor_sourness"": 0.5, ""texture_crispy"": 0.5, ""texture_creamy"": 0.5, ""texture_chewy"": 0.5, ""physics_temperature"": 0.5, ""physics_freshness"": 0.5, ""context_price_sensitivity"": 0.5, ""context_portion_preference"": 0.5}","{""physics_temperature"": 0.6, ""_default"": 1.0}"
213,28,Edamame,0.55,0.091,edamame beans,"{""flavor_saltiness"": 0.6, ""physics_richness"": 0.5, ""flavor_sweetness"": 0.5, ""flavor_bitterness"": 0.5, ""flavor_spiciness"": 0.5, ""flavor_umami"": 0.5, ""flavor_sourness"": 0.5, ""texture_crispy"": 0.5, ""texture_creamy"": 0.5, ""texture_chewy"": 0.5, ""physics_temperature"": 0.5, ""physics_freshness"": 0.5, ""context_price_sensitivity"": 0.5, ""context_portion_preference"": 0.5}","{""physics_temperature"": 0.6, ""_default"": 1.0}"
214,28,Gyoza,0.82,0.091,gyoza dumplings,"{""flavor_saltiness"": 0.6, ""physics_richness"": 0.5, ""flavor_sweetness"": 0.5, ""flavor_bitterness"": 0.5, ""flavor_spiciness"": 0.5, ""flavor_umami"": 0.5, ""flavor_sourness"": 0.5, ""texture_crispy"": 0.5, ""texture_creamy"": 0.5, ""texture_chewy"": 0.5, ""physics_temperature"": 0.5, ""physics_freshness"": 0.5, ""context_price_sensitivity"": 0.5, ""context_portion_preference"": 0.5}","{""physics_temperature"": 0.6, ""_default"": 1.0}"
215,28,Sajgonki Smażone,1.0,0.136,spring rolls fried,"{""flavor_saltiness"": 0.6, ""physics_richness"": 0.5, ""flavor_sweetness"": 0.5, ""flavor_bitterness"": 0.5, ""flavor_spiciness"": 0.5, ""flavor_umami"": 0.5, ""flavor_sourness"": 0.5, ""texture_crispy"": 0.9, ""texture_creamy"": 0.5, ""texture_chewy"": 0.5, ""physics_temperature"": 0.9, ""physics_freshness"": 0.5, ""context_price_sensitivity"": 0.5, ""context_portion_preference"": 0.5}","{""physics_temperature"": 0.6, ""_default"": 1.0}"
216,28,Świeże Sajgonki,0.82,0.091,fresh spring rolls,"{""flavor_saltiness"": 0.6, ""physics_richness"": 0.5, ""flavor_sweetness"": 0.5, ""flavor_bitterness"": 0.5, ""flavor_spiciness"": 0.5, ""flavor_umami"": 0.5, ""flavor_sourness"": 0.5, ""texture_crispy"": 0.5, ""texture_creamy"": 0.5, ""texture_chewy"": 0.5, ""physics_temperature"": 0.5, ""physics_freshness"": 0.9, ""context_price_sensitivity"": 0.5, ""context_portion_preference"": 0.5}","{""physics_temperature"": 0.6, ""_default"": 1.0}"
217,28,Krewetki w Czosnku,1.59,0.15,garlic shrimp,"{""flavor_saltiness"": 0.6, ""physics_richness"": 0.5, ""flavor_sweetness"": 0.5, ""flavor_bitterness"": 0.5, ""flavor_spiciness"": 0.5, ""flavor_umami"": 0.5, ""flavor_sourness"": 0.5, ""texture_crispy"": 0.5, ""texture_creamy"": 0.5, ""texture_chewy"": 0.5, ""physics_temperature"": 0.5, ""physics_freshness"": 0.5, ""context_price_sensitivity"": 0.5, ""context_portion_preference"": 0.5}","{""physics_temperature"": 0.6, ""_default"": 1.0}"
218,28,Grillowane Krewetki,1.91,0.15,grilled shrimp,"{""flavor_saltiness"": 0.6, ""physics_richness"": 0.5, ""flavor_sweetness"": 0.5, ""flavor_bitterness"": 0.5, ""flavor_spiciness"": 0.5, ""flavor_umami"": 0.5, ""flavor_sourness"": 0.5, ""texture_crispy"": 0.5, ""texture_creamy"": 0.5, ""texture_chewy"": 0.5, ""physics_temperature"": 0.9, ""physics_freshness"": 0.5, ""context_price_sensitivity"": 0.5, ""context_portion_preference"": 0.5}","{""physics_temperature"": 0.6, ""_default"": 1.0}"
219,28,Smażony Kurczak,1.0,0.133,fried chicken,"{""flavor_saltiness"": 0.6, ""physics_richness"": 0.5, ""flavor_sweetness"": 0.5, ""flavor_bitterness"": 0.5, ""flavor_spiciness"": 0.5, ""flavor_umami"": 0.5, ""flavor_sourness"": 0.5, ""texture_crispy"": 0.9, ""texture_creamy"": 0.5, ""texture_chewy"": 0.5, ""physics_temperature"": 0.9, ""physics_freshness"": 0.5, ""context_price_sensitivity"": 0.5, ""context_portion_preference"": 0.5}","{""physics_temperature"": 0.6, ""_default"": 1.0}"
220,29,Stek Ribeye,0.98,0.12,ribeye steak,"{""flavor_umami"": 0.9, ""flavor_saltiness"": 0.6, ""texture_chewy"": 0.6, ""physics_richness"": 0.7, ""physics_temperature"": 0.8, ""flavor_sweetness"": 0.5, ""flavor_bitterness"": 0.5, ""flavor_spiciness"": 0.5, ""flavor_sourness"": 0.5, ""texture_crispy"": 0.5, ""texture_creamy"": 0.5, ""physics_freshness"": 0.5, ""context_price_sensitivity"": 0.5, ""context_portion_preference"": 0.5}","{""physics_richness"": 1.5, ""flavor_umami"": 1.4, ""physics_temperature"": 0.4, ""flavor_sweetness"": 0.3, ""_default"": 1.0}"
221,29,Stek T-Bone,1.02,0.12,t-bone steak,"{""flavor_umami"": 0.9, ""flavor_saltiness"": 0.6, ""texture_chewy"": 0.6, ""physics_richness"": 0.7, ""physics_temperature"": 0.8, ""flavor_sweetness"": 0.5, ""flavor_bitterness"": 0.5, ""flavor_spiciness"": 0.5, ""flavor_sourness"": 0.5, ""texture_crispy"": 0.5, ""texture_creamy"": 0.5, ""physics_freshness"": 0.5, ""context_price_sensitivity"": 0.5, ""context_portion_preference"": 0.5}","{""physics_richness"": 1.5, ""flavor_umami"": 1.4, ""physics_temperature"": 0.4, ""flavor_sweetness"": 0.3, ""_default"": 1.0}"
222,29,Filet Mignon,1.05,0.12,filet mignon steak,"{""flavor_umami"": 0.9, ""flavor_saltiness"": 0.6, ""texture_chewy"": 0.6, ""physics_richness"": 0.7, ""physics_temperature"": 0.8, ""flavor_sweetness"": 0.5, ""flavor_bitterness"": 0.5, ""flavor_spiciness"": 0.5, ""flavor_sourness"": 0.5, ""texture_crispy"": 0.5, ""texture_creamy"": 0.5, ""physics_freshness"": 0.5, ""context_price_sensitivity"": 0.5, ""context_portion_preference"": 0.5}","{""physics_richness"": 1.5, ""flavor_umami"": 1.4, ""physics_temperature"": 0.4, ""flavor_sweetness"": 0.3, ""_default"": 1.0}"
223,29,Steak Frites,0.63,0.075,steak frites,"{""flavor_umami"": 0.9, ""flavor_saltiness"": 0.6, ""texture_chewy"": 0.6, ""physics_richness"": 0.4, ""physics_temperature"": 0.8, ""flavor_sweetness"": 0.5, ""flavor_bitterness"": 0.5, ""flavor_spiciness"": 0.5, ""flavor_sourness"": 0.5, ""texture_crispy"": 0.5, ""texture_creamy"": 0.5, ""physics_freshness"": 0.5, ""context_price_sensitivity"": 0.5, ""context_portion_preference"": 0.5}","{""physics_richness"": 1.5, ""flavor_umami"": 1.4, ""physics_temperature"": 0.4, ""flavor_sweetness"": 0.3, ""_default"": 1.0}"
224,30,Naan Klasyczny,0.89,0.111,,"{""texture_chewy"": 0.7, ""texture_crispy"": 0.4, ""physics_temperature"": 0.7, ""flavor_sweetness"": 0.5, ""flavor_bitterness"": 0.5, ""flavor_spiciness"": 0.5, ""flavor_umami"": 0.5, ""flavor_sourness"": 0.5, ""flavor_saltiness"": 0.5, ""texture_creamy"": 0.5, ""physics_richness"": 0.5, ""physics_freshness"": 0.5, ""context_price_sensitivity"": 0.5, ""context_portion_preference"": 0.5}","{""physics_temperature"": 0.4, ""texture_chewy"": 1.3, ""_default"": 1.0}"
225,30,Naan Czosnkowy,1.11,0.111,,"{""texture_chewy"": 0.7, ""texture_crispy"": 0.4, ""physics_temperature"": 0.7, ""flavor_sweetness"": 0.5, ""flavor_bitterness"": 0.5, ""flavor_spiciness"": 0.5, ""flavor_umami"": 0.5, ""flavor_sourness"": 0.5, ""flavor_saltiness"": 0.5, ""texture_creamy"": 0.5, ""physics_richness"": 0.5, ""physics_freshness"": 0.5, ""context_price_sensitivity"": 0.5, ""context_portion_preference"": 0.5}","{""physics_temperature"": 0.4, ""texture_chewy"": 1.3, ""_default"": 1.0}"
226,31,Bigos,1.0,0.143,sauerkraut stew,"{""physics_richness"": 0.8, ""flavor_saltiness"": 0.6, ""flavor_umami"": 0.7, ""physics_temperature"": 0.8, ""flavor_sweetness"": 0.5, ""flavor_bitterness"": 0.5, ""flavor_spiciness"": 0.5, ""flavor_sourness"": 0.9, ""texture_crispy"": 0.5, ""texture_creamy"": 0.5, ""texture_chewy"": 0.5, ""physics_freshness"": 0.5, ""context_price_sensitivity"": 0.5, ""context_portion_preference"": 0.5}","{""physics_richness"": 1.4, ""physics_temperature"": 0.4, ""flavor_sweetness"": 0.5, ""_default"": 1.0}"
227,31,Kotlet Schabowy,1.07,0.143,schnitzel,"{""physics_richness"": 0.8, ""flavor_saltiness"": 0.6, ""flavor_umami"": 0.7, ""physics_temperature"": 0.8, ""flavor_sweetness"": 0.5, ""flavor_bitterness"": 0.5, ""flavor_spiciness"": 0.5, ""flavor_sourness"": 0.5, ""texture_crispy"": 0.5, ""texture_creamy"": 0.5, ""texture_chewy"": 0.5, ""physics_freshness"": 0.5, ""context_price_sensitivity"": 0.5, ""context_portion_preference"": 0.5}","{""physics_richness"": 1.4, ""physics_temperature"": 0.4, ""flavor_sweetness"": 0.5, ""_default"": 1.0}"
228,31,Pieczeń Rzymska,1.0,0.107,meatloaf,"{""physics_richness"": 0.8, ""flavor_saltiness"": 0.6, ""flavor_umami"": 0.7, ""physics_temperature"": 0.9, ""flavor_sweetness"": 0.5, ""flavor_bitterness"": 0.5, ""flavor_spiciness"": 0.5, ""flavor_sourness"": 0.5, ""texture_crispy"": 0.5, ""texture_creamy"": 0.5, ""texture_chewy"": 0.5, ""physics_freshness"": 0.5, ""context_price_sensitivity"": 0.5, ""context_portion_preference"": 0.5}","{""physics_richness"": 1.4, ""physics_temperature"": 0.4, ""flavor_sweetness"": 0.5, ""_default"": 1.0}"
229,31,Kapusta Kiszona,0.36,0.054,sauerkraut,"{""physics_richness"": 0.8, ""flavor_saltiness"": 0.6, ""flavor_umami"": 0.7, ""physics_temperature"": 0.8, ""flavor_sweetness"": 0.5, ""flavor_bitterness"": 0.5, ""flavor_spiciness"": 0.5, ""flavor_sourness"": 0.9, ""texture_crispy"": 0.5, ""texture_creamy"": 0.5, ""texture_chewy"": 0.5, ""physics_freshness"": 0.5, ""context_price_sensitivity"": 0.5, ""context_portion_preference"": 0.5}","{""physics_richness"": 1.4, ""physics_temperature"": 0.4, ""flavor_sweetness"": 0.5, ""_default"": 1.0}"
230,31,Pasztet,0.57,0.071,pate food,"{""physics_richness"": 0.8, ""flavor_saltiness"": 0.6, ""flavor_umami"": 0.7, ""physics_temperature"": 0.8, ""flavor_sweetness"": 0.5, ""flavor_bitterness"": 0.5, ""flavor_spiciness"": 0.5, ""flavor_sourness"": 0.5, ""texture_crispy"": 0.5, ""texture_creamy"": 0.5, ""texture_chewy"": 0.5, ""physics_freshness"": 0.5, ""context_price_sensitivity"": 0.5, ""context_portion_preference"": 0.5}","{""physics_richness"": 1.4, ""physics_temperature"": 0.4, ""flavor_sweetness"": 0.5, ""_default"": 1.0}"
231,32,Wieprzowina w Sosie Słodko-Kwaśnym,1.07,0.133,sweet and sour pork,"{""flavor_umami"": 1.0, ""flavor_saltiness"": 0.5, ""physics_temperature"": 0.8, ""flavor_sweetness"": 0.9, ""flavor_bitterness"": 0.5, ""flavor_spiciness"": 0.5, ""flavor_sourness"": 0.9, ""texture_crispy"": 0.5, ""texture_creamy"": 0.5, ""texture_chewy"": 0.5, ""physics_richness"": 0.5, ""physics_freshness"": 0.5, ""context_price_sensitivity"": 0.5, ""context_portion_preference"": 0.5}","{""flavor_spiciness"": 1.6, ""flavor_umami"": 1.4, ""physics_temperature"": 0.4, ""_default"": 1.0}"
232,32,Mapo Tofu,0.93,0.1,mapo tofu,"{""flavor_umami"": 0.8, ""flavor_saltiness"": 0.7, ""physics_temperature"": 0.8, ""flavor_sweetness"": 0.5, ""flavor_bitterness"": 0.5, ""flavor_spiciness"": 0.5, ""flavor_sourness"": 0.5, ""texture_crispy"": 0.5, ""texture_creamy"": 0.5, ""texture_chewy"": 0.5, ""physics_richness"": 0.5, ""physics_freshness"": 0.5, ""context_price_sensitivity"": 0.5, ""context_portion_preference"": 0.5}","{""flavor_spiciness"": 1.6, ""flavor_umami"": 1.4, ""physics_temperature"": 0.4, ""_default"": 1.0}"
233,32,Smażony Ryż,0.73,0.1,fried rice,"{""flavor_umami"": 0.8, ""flavor_saltiness"": 0.7, ""physics_temperature"": 0.9, ""flavor_sweetness"": 0.5, ""flavor_bitterness"": 0.5, ""flavor_spiciness"": 0.5, ""flavor_sourness"": 0.5, ""texture_crispy"": 0.9, ""texture_creamy"": 0.5, ""texture_chewy"": 0.5, ""physics_richness"": 0.5, ""physics_freshness"": 0.5, ""context_price_sensitivity"": 0.5, ""context_portion_preference"": 0.5}","{""flavor_spiciness"": 1.6, ""flavor_umami"": 1.4, ""physics_temperature"": 0.4, ""_default"": 1.0}"
234,32,Pad Thai,1.0,0.1,pad thai,"{""flavor_umami"": 0.8, ""flavor_saltiness"": 0.7, ""physics_temperature"": 0.8, ""flavor_sweetness"": 0.5, ""flavor_bitterness"": 0.5, ""flavor_spiciness"": 0.5, ""flavor_sourness"": 0.5, ""texture_crispy"": 0.5, ""texture_creamy"": 0.5, ""texture_chewy"": 0.5, ""physics_richness"": 0.5, ""physics_freshness"": 0.5, ""context_price_sensitivity"": 0.5, ""context_portion_preference"": 0.5}","{""flavor_spiciness"": 1.6, ""flavor_umami"": 1.4, ""physics_temperature"": 0.4, ""_default"": 1.0}"
235,32,Kurczak z Bazylią,0.97,0.1,thai basil chicken,"{""flavor_umami"": 0.8, ""flavor_saltiness"": 0.7, ""physics_temperature"": 0.8, ""flavor_sweetness"": 0.5, ""flavor_bitterness"": 0.5, ""flavor_spiciness"": 0.5, ""flavor_sourness"": 0.5, ""texture_crispy"": 0.5, ""texture_creamy"": 0.5, ""texture_chewy"": 0.5, ""physics_richness"": 0.5, ""physics_freshness"": 0.5, ""context_price_sensitivity"": 0.5, ""context_portion_preference"": 0.5}","{""flavor_spiciness"": 1.6, ""flavor_umami"": 1.4, ""physics_temperature"": 0.4, ""_default"": 1.0}"
236,32,Kurczak Tandoori,1.27,0.133,tandoori chicken,"{""flavor_umami"": 0.8, ""flavor_saltiness"": 0.7, ""physics_temperature"": 0.8, ""flavor_sweetness"": 0.5, ""flavor_bitterness"": 0.5, ""flavor_spiciness"": 0.5, ""flavor_sourness"": 0.5, ""texture_crispy"": 0.5, ""texture_creamy"": 0.5, ""texture_chewy"": 0.5, ""physics_richness"": 0.5, ""physics_freshness"": 0.5, ""context_price_sensitivity"": 0.5, ""context_portion_preference"": 0.5}","{""flavor_spiciness"": 1.6, ""flavor_umami"": 1.4, ""physics_temperature"": 0.4, ""_default"": 1.0}"
237,32,Bibimbap,1.07,0.1,bibimbap,"{""flavor_umami"": 0.8, ""flavor_saltiness"": 0.7, ""physics_temperature"": 0.8, ""flavor_sweetness"": 0.5, ""flavor_bitterness"": 0.5, ""flavor_spiciness"": 0.5, ""flavor_sourness"": 0.5, ""texture_crispy"": 0.5, ""texture_creamy"": 0.5, ""texture_chewy"": 0.5, ""physics_richness"": 0.5, ""physics_freshness"": 0.5, ""context_price_sensitivity"": 0.5, ""context_portion_preference"": 0.5}","{""flavor_spiciness"": 1.6, ""flavor_umami"": 1.4, ""physics_temperature"": 0.4, ""_default"": 1.0}"
238,33,Bulgogi,1.04,0.11,bulgogi,"{""flavor_spiciness"": 0.7, ""flavor_umami"": 0.8, ""flavor_sourness"": 0.5, ""physics_temperature"": 0.8, ""flavor_sweetness"": 0.5, ""flavor_bitterness"": 0.5, ""flavor_saltiness"": 0.5, ""texture_crispy"": 0.5, ""texture_creamy"": 0.5, ""texture_chewy"": 0.5, ""physics_richness"": 0.5, ""physics_freshness"": 0.5, ""context_price_sensitivity"": 0.5, ""context_portion_preference"": 0.5}","{""flavor_spiciness"": 1.7, ""flavor_umami"": 1.4, ""physics_temperature"": 0.4, ""_default"": 1.0}"
239,33,Galbi,1.15,0.137,galbi ribs,"{""flavor_spiciness"": 0.7, ""flavor_umami"": 0.8, ""flavor_sourness"": 0.5, ""physics_temperature"": 0.8, ""flavor_sweetness"": 0.5, ""flavor_bitterness"": 0.5, ""flavor_saltiness"": 0.5, ""texture_crispy"": 0.5, ""texture_creamy"": 0.5, ""texture_chewy"": 0.5, ""physics_richness"": 0.5, ""physics_freshness"": 0.5, ""context_price_sensitivity"": 0.5, ""context_portion_preference"": 0.5}","{""flavor_spiciness"": 1.7, ""flavor_umami"": 1.4, ""physics_temperature"": 0.4, ""_default"": 1.0}"
240,33,Samgyeopsal,0.96,0.11,pork belly bbq,"{""flavor_spiciness"": 0.7, ""flavor_umami"": 0.8, ""flavor_sourness"": 0.5, ""physics_temperature"": 0.8, ""flavor_sweetness"": 0.5, ""flavor_bitterness"": 0.5, ""flavor_saltiness"": 0.5, ""texture_crispy"": 0.5, ""texture_creamy"": 0.5, ""texture_chewy"": 0.5, ""physics_richness"": 0.5, ""physics_freshness"": 0.5, ""context_price_sensitivity"": 0.5, ""context_portion_preference"": 0.5}","{""flavor_spiciness"": 1.7, ""flavor_umami"": 1.4, ""physics_temperature"": 0.4, ""_default"": 1.0}"
241,33,Kimchi,0.27,0.027,kimchi,"{""flavor_spiciness"": 1.0, ""flavor_umami"": 0.8, ""flavor_sourness"": 0.5, ""physics_temperature"": 0.8, ""flavor_sweetness"": 0.5, ""flavor_bitterness"": 0.5, ""flavor_saltiness"": 0.5, ""texture_crispy"": 0.5, ""texture_creamy"": 0.5, ""texture_chewy"": 0.5, ""physics_richness"": 0.5, ""physics_freshness"": 0.5, ""context_price_sensitivity"": 0.5, ""context_portion_preference"": 0.5}","{""flavor_spiciness"": 1.7, ""flavor_umami"": 1.4, ""physics_temperature"": 0.4, ""_default"": 1.0}"
242,34,Gambas al Ajillo,1.19,0.148,garlic prawns tapas,"{""flavor_saltiness"": 0.7, ""physics_richness"": 0.6, ""flavor_sweetness"": 0.5, ""flavor_bitterness"": 0.5, ""flavor_spiciness"": 0.5, ""flavor_umami"": 0.5, ""flavor_sourness"": 0.5, ""texture_crispy"": 0.5, ""texture_creamy"": 0.5, ""texture_chewy"": 0.5, ""physics_temperature"": 0.5, ""physics_freshness"": 0.5, ""context_price_sensitivity"": 0.5, ""context_portion_preference"": 0.5}","{""physics_temperature"": 0.6, ""flavor_spiciness"": 1.3, ""_default"": 1.0}"
243,34,Albondigas,0.81,0.111,meatballs tapas,"{""flavor_saltiness"": 0.7, ""physics_richness"": 0.6, ""flavor_sweetness"": 0.5, ""flavor_bitterness"": 0.5, ""flavor_spiciness"": 0.5, ""flavor_umami"": 0.5, ""flavor_sourness"": 0.5, ""texture_crispy"": 0.5, ""texture_creamy"": 0.5, ""texture_chewy"": 0.5, ""physics_temperature"": 0.5, ""physics_freshness"": 0.5, ""context_price_sensitivity"": 0.5, ""context_portion_preference"": 0.5}","{""physics_temperature"": 0.6, ""flavor_spiciness"": 1.3, ""_default"": 1.0}"
244,34,Croquetas,0.74,0.074,croquettes tapas,"{""flavor_saltiness"": 0.7, ""physics_richness"": 0.6, ""flavor_sweetness"": 0.5, ""flavor_bitterness"": 0.5, ""flavor_spiciness"": 0.5, ""flavor_umami"": 0.5, ""flavor_sourness"": 0.5, ""texture_crispy"": 0.5, ""texture_creamy"": 0.5, ""texture_chewy"": 0.5, ""physics_temperature"": 0.5, ""physics_freshness"": 0.5, ""context_price_sensitivity"": 0.5, ""context_portion_preference"": 0.5}","{""physics_temperature"": 0.6, ""flavor_spiciness"": 1.3, ""_default"": 1.0}"
245,34,Paella Valenciana,1.67,0.15,paella,"{""flavor_saltiness"": 0.7, ""physics_richness"": 0.6, ""flavor_sweetness"": 0.5, ""flavor_bitterness"": 0.5, ""flavor_spiciness"": 0.5, ""flavor_umami"": 0.5, ""flavor_sourness"": 0.5, ""texture_crispy"": 0.5, ""texture_creamy"": 0.5, ""texture_chewy"": 0.5, ""physics_temperature"": 0.5, ""physics_freshness"": 0.5, ""context_price_sensitivity"": 0.5, ""context_portion_preference"": 0.5}","{""physics_temperature"": 0.6, ""flavor_spiciness"": 1.3, ""_default"": 1.0}"
246,35,Souvlaki,1.0,0.107,souvlaki,"{""physics_freshness"": 0.7, ""flavor_saltiness"": 0.6, ""physics_temperature"": 0.7, ""flavor_sweetness"": 0.5, ""flavor_bitterness"": 0.5, ""flavor_spiciness"": 0.5, ""flavor_umami"": 0.5, ""flavor_sourness"": 0.5, ""texture_crispy"": 0.5, ""texture_creamy"": 0.5, ""texture_chewy"": 0.5, ""physics_richness"": 0.5, ""context_price_sensitivity"": 0.5, ""context_portion_preference"": 0.5}","{""physics_freshness"": 1.4, ""physics_temperature"": 0.5, ""_default"": 1.0}"
247,35,Tzatziki,0.54,0.071,tzatziki,"{""physics_freshness"": 0.7, ""flavor_saltiness"": 0.6, ""physics_temperature"": 0.7, ""flavor_sweetness"": 0.5, ""flavor_bitterness"": 0.5, ""flavor_spiciness"": 0.5, ""flavor_umami"": 0.5, ""flavor_sourness"": 0.5, ""texture_crispy"": 0.5, ""texture_creamy"": 0.5, ""texture_chewy"": 0.5, ""physics_richness"": 0.5, ""context_price_sensitivity"": 0.5, ""context_portion_preference"": 0.5}","{""physics_freshness"": 1.4, ""physics_temperature"": 0.5, ""_default"": 1.0}"
248,36,Boeuf Bourguignon,1.03,0.108,beef bourguignon,"{""physics_richness"": 0.9, ""texture_creamy"": 0.6, ""physics_temperature"": 0.8, ""flavor_sweetness"": 0.5, ""flavor_bitterness"": 0.5, ""flavor_spiciness"": 0.5, ""flavor_umami"": 0.5, ""flavor_sourness"": 0.5, ""flavor_saltiness"": 0.5, ""texture_crispy"": 0.5, ""texture_chewy"": 0.5, ""physics_freshness"": 0.5, ""context_price_sensitivity"": 0.5, ""context_portion_preference"": 0.5}","{""physics_richness"": 1.5, ""texture_creamy"": 1.4, ""physics_temperature"": 0.4, ""_default"": 1.0}"
249,37,Schnitzel,1.11,0.127,schnitzel,"{""physics_richness"": 0.8, ""flavor_saltiness"": 0.7, ""physics_temperature"": 0.8, ""flavor_sweetness"": 0.5, ""flavor_bitterness"": 0.5, ""flavor_spiciness"": 0.5, ""flavor_umami"": 0.5, ""flavor_sourness"": 0.5, ""texture_crispy"": 0.5, ""texture_creamy"": 0.5, ""texture_chewy"": 0.5, ""physics_freshness"": 0.5, ""context_price_sensitivity"": 0.5, ""context_portion_preference"": 0.5}","{""physics_richness"": 1.4, ""flavor_umami"": 1.3, ""physics_temperature"": 0.4, ""_default"": 1.0}"
250,37,Bratwurst,0.89,0.095,bratwurst,"{""physics_richness"": 0.8, ""flavor_saltiness"": 0.7, ""physics_temperature"": 0.8, ""flavor_sweetness"": 0.5, ""flavor_bitterness"": 0.5, ""flavor_spiciness"": 0.5, ""flavor_umami"": 0.5, ""flavor_sourness"": 0.5, ""texture_crispy"": 0.5, ""texture_creamy"": 0.5, ""texture_chewy"": 0.5, ""physics_freshness"": 0.5, ""context_price_sensitivity"": 0.5, ""context_portion_preference"": 0.5}","{""physics_richness"": 1.4, ""flavor_umami"": 1.3, ""physics_temperature"": 0.4, ""_default"": 1.0}"
251,37,Sauerbraten,1.21,0.127,pot roast,"{""physics_richness"": 0.8, ""flavor_saltiness"": 0.7, ""physics_temperature"": 0.8, ""flavor_sweetness"": 0.5, ""flavor_bitterness"": 0.5, ""flavor_spiciness"": 0.5, ""flavor_umami"": 0.5, ""flavor_sourness"": 0.5, ""texture_crispy"": 0.5, ""texture_creamy"": 0.5, ""texture_chewy"": 0.5, ""physics_freshness"": 0.5, ""context_price_sensitivity"": 0.5, ""context_portion_preference"": 0.5}","{""physics_richness"": 1.4, ""flavor_umami"": 1.3, ""physics_temperature"": 0.4, ""_default"": 1.0}"
252,37,Precel,0.38,0.048,pretzel,"{""physics_richness"": 0.8, ""flavor_saltiness"": 0.7, ""physics_temperature"": 0.8, ""flavor_sweetness"": 0.5, ""flavor_bitterness"": 0.5, ""flavor_spiciness"": 0.5, ""flavor_umami"": 0.5, ""flavor_sourness"": 0.5, ""texture_crispy"": 0.5, ""texture_creamy"": 0.5, ""texture_chewy"": 0.5, ""physics_freshness"": 0.5, ""context_price_sensitivity"": 0.5, ""context_portion_preference"": 0.5}","{""physics_richness"": 1.4, ""flavor_umami"": 1.3, ""physics_temperature"": 0.4, ""_default"": 1.0}"
253,38,Szarpana Wieprzowina,0.93,0.107,pulled pork bbq,"{""flavor_umami"": 1.0, ""flavor_sweetness"": 0.5, ""physics_richness"": 0.8, ""physics_temperature"": 0.8, ""flavor_bitterness"": 0.5, ""flavor_spiciness"": 0.5, ""flavor_sourness"": 0.5, ""flavor_saltiness"": 0.5, ""texture_crispy"": 0.5, ""texture_creamy"": 0.5, ""texture_chewy"": 0.5, ""physics_freshness"": 0.5, ""context_price_sensitivity"": 0.5, ""context_portion_preference"": 0.5}","{""flavor_spiciness"": 1.5, ""physics_richness"": 1.4, ""flavor_umami"": 1.3, ""physics_temperature"": 0.4, ""_default"": 1.0}"
254,38,Brisket Wołowy,1.12,0.133,beef brisket smoked,"{""flavor_umami"": 1.0, ""flavor_sweetness"": 0.5, ""physics_richness"": 0.8, ""physics_temperature"": 0.8, ""flavor_bitterness"": 0.5, ""flavor_spiciness"": 0.5, ""flavor_sourness"": 0.5, ""flavor_saltiness"": 0.5, ""texture_crispy"": 0.5, ""texture_creamy"": 0.5, ""texture_chewy"": 0.5, ""physics_freshness"": 0.5, ""context_price_sensitivity"": 0.5, ""context_portion_preference"": 0.5}","{""flavor_spiciness"": 1.5, ""physics_richness"": 1.4, ""flavor_umami"": 1.3, ""physics_temperature"": 0.4, ""_default"": 1.0}"
255,38,Żeberka,1.07,0.133,bbq ribs,"{""flavor_umami"": 0.9, ""flavor_sweetness"": 0.5, ""physics_richness"": 0.8, ""physics_temperature"": 0.8, ""flavor_bitterness"": 0.5, ""flavor_spiciness"": 0.5, ""flavor_sourness"": 0.5, ""flavor_saltiness"": 0.5, ""texture_crispy"": 0.5, ""texture_creamy"": 0.5, ""texture_chewy"": 0.5, ""physics_freshness"": 0.5, ""context_price_sensitivity"": 0.5, ""context_portion_preference"": 0.5}","{""flavor_spiciness"": 1.5, ""physics_richness"": 1.4, ""flavor_umami"": 1.3, ""physics_temperature"": 0.4, ""_default"": 1.0}"
256,38,Wędzony Kurczak,0.85,0.107,smoked chicken bbq,"{""flavor_umami"": 0.9, ""flavor_sweetness"": 0.5, ""physics_richness"": 0.8, ""physics_temperature"": 0.8, ""flavor_bitterness"": 0.5, ""flavor_spiciness"": 0.5, ""flavor_sourness"": 0.5, ""flavor_saltiness"": 0.5, ""texture_crispy"": 0.5, ""texture_creamy"": 0.5, ""texture_chewy"": 0.5, ""physics_freshness"": 0.5, ""context_price_sensitivity"": 0.5, ""context_portion_preference"": 0.5}","{""flavor_spiciness"": 1.5, ""physics_richness"": 1.4, ""flavor_umami"": 1.3, ""physics_temperature"": 0.4, ""_default"": 1.0}"
257,39,Grillowany Łosoś,1.08,0.12,,"{""flavor_umami"": 0.6, ""physics_freshness"": 0.8, ""physics_richness"": 0.4, ""flavor_sweetness"": 0.5, ""flavor_bitterness"": 0.5, ""flavor_spiciness"": 0.5, ""flavor_sourness"": 0.5, ""flavor_saltiness"": 0.5, ""texture_crispy"": 0.5, ""texture_creamy"": 0.5, ""texture_chewy"": 0.5, ""physics_temperature"": 0.9, ""context_price_sensitivity"": 0.5, ""context_portion_preference"": 0.5}","{""physics_freshness"": 1.8, ""physics_temperature"": 0.5, ""flavor_spiciness"": 1.2, ""_default"": 1.0}"
258,39,Fish and Chips,0.84,0.096,fish and chips british,"{""flavor_umami"": 0.6, ""physics_freshness"": 0.8, ""physics_richness"": 0.4, ""flavor_sweetness"": 0.5, ""flavor_bitterness"": 0.5, ""flavor_spiciness"": 0.5, ""flavor_sourness"": 0.5, ""flavor_saltiness"": 0.5, ""texture_crispy"": 0.9, ""texture_creamy"": 0.5, ""texture_chewy"": 0.5, ""physics_temperature"": 0.5, ""context_price_sensitivity"": 0.5, ""context_portion_preference"": 0.5}","{""physics_freshness"": 1.8, ""physics_temperature"": 0.5, ""flavor_spiciness"": 1.2, ""_default"": 1.0}"
259,39,Okoń Morski,1.2,0.145,sea bass,"{""flavor_umami"": 0.6, ""physics_freshness"": 0.8, ""physics_richness"": 0.4, ""flavor_sweetness"": 0.5, ""flavor_bitterness"": 0.5, ""flavor_spiciness"": 0.5, ""flavor_sourness"": 0.5, ""flavor_saltiness"": 0.5, ""texture_crispy"": 0.5, ""texture_creamy"": 0.5, ""texture_chewy"": 0.5, ""physics_temperature"": 0.5, ""context_price_sensitivity"": 0.5, ""context_portion_preference"": 0.5}","{""physics_freshness"": 1.8, ""physics_temperature"": 0.5, ""flavor_spiciness"": 1.2, ""_default"": 1.0}"
260,39,Małże,0.92,0.096,cooked mussels,"{""flavor_umami"": 0.6, ""physics_freshness"": 0.8, ""physics_richness"": 0.4, ""flavor_sweetness"": 0.5, ""flavor_bitterness"": 0.5, ""flavor_spiciness"": 0.5, ""flavor_sourness"": 0.5, ""flavor_saltiness"": 0.5, ""texture_crispy"": 0.5, ""texture_creamy"": 0.5, ""texture_chewy"": 0.5, ""physics_temperature"": 0.5, ""context_price_sensitivity"": 0.5, ""context_portion_preference"": 0.5}","{""physics_freshness"": 1.8, ""physics_temperature"": 0.5, ""flavor_spiciness"": 1.2, ""_default"": 1.0}"
261,40,Jajka z Bekonem,1.09,0.136,bacon and eggs,"{""flavor_saltiness"": 0.4, ""physics_temperature"": 0.6, ""flavor_sweetness"": 0.5, ""flavor_bitterness"": 0.5, ""flavor_spiciness"": 0.5, ""flavor_umami"": 0.8, ""flavor_sourness"": 0.5, ""texture_crispy"": 0.5, ""texture_creamy"": 0.5, ""texture_chewy"": 0.5, ""physics_richness"": 0.8, ""physics_freshness"": 0.5, ""context_price_sensitivity"": 0.5, ""context_portion_preference"": 0.5}","{""physics_temperature"": 0.5, ""physics_richness"": 1.3, ""_default"": 1.0}"
262,40,Tosty Francuskie,0.91,0.136,french toast,"{""flavor_saltiness"": 0.4, ""physics_temperature"": 0.6, ""flavor_sweetness"": 0.5, ""flavor_bitterness"": 0.5, ""flavor_spiciness"": 0.5, ""flavor_umami"": 0.5, ""flavor_sourness"": 0.5, ""texture_crispy"": 0.9, ""texture_creamy"": 0.5, ""texture_chewy"": 0.5, ""physics_richness"": 0.5, ""physics_freshness"": 0.5, ""context_price_sensitivity"": 0.5, ""context_portion_preference"": 0.5}","{""physics_temperature"": 0.5, ""physics_richness"": 1.3, ""_default"": 1.0}"
263,41,Croissant,0.8,0.1,croissant,"{""texture_crispy"": 0.6, ""texture_chewy"": 0.5, ""flavor_saltiness"": 0.3, ""flavor_sweetness"": 0.5, ""flavor_bitterness"": 0.5, ""flavor_spiciness"": 0.5, ""flavor_umami"": 0.5, ""flavor_sourness"": 0.5, ""texture_creamy"": 0.5, ""physics_richness"": 0.5, ""physics_temperature"": 0.5, ""physics_freshness"": 0.5, ""context_price_sensitivity"": 0.5, ""context_portion_preference"": 0.5}","{""texture_crispy"": 1.4, ""physics_temperature"": 0.6, ""_default"": 1.0}"
264,41,Pain au Chocolat,1.0,0.1,chocolate croissant,"{""texture_crispy"": 0.6, ""texture_chewy"": 0.5, ""flavor_saltiness"": 0.1, ""flavor_sweetness"": 0.9, ""flavor_bitterness"": 0.5, ""flavor_spiciness"": 0.5, ""flavor_umami"": 0.5, ""flavor_sourness"": 0.5, ""texture_creamy"": 0.5, ""physics_richness"": 0.5, ""physics_temperature"": 0.5, ""physics_freshness"": 0.5, ""context_price_sensitivity"": 0.5, ""context_portion_preference"": 0.5}","{""texture_crispy"": 1.4, ""physics_temperature"": 0.6, ""_default"": 1.0}"
265,41,Drożdżówka z Cynamonem,1.2,0.15,cinnamon roll,"{""texture_crispy"": 0.6, ""texture_chewy"": 0.5, ""flavor_saltiness"": 0.3, ""flavor_sweetness"": 0.5, ""flavor_bitterness"": 0.5, ""flavor_spiciness"": 0.5, ""flavor_umami"": 0.5, ""flavor_sourness"": 0.5, ""texture_creamy"": 0.5, ""physics_richness"": 0.5, ""physics_temperature"": 0.5, ""physics_freshness"": 0.5, ""context_price_sensitivity"": 0.5, ""context_portion_preference"": 0.5}","{""texture_crispy"": 1.4, ""physics_temperature"": 0.6, ""_default"": 1.0}"
266,41,Chleb na Zakwasie,1.8,0.15,sourdough bread,"{""texture_crispy"": 0.6, ""texture_chewy"": 0.5, ""flavor_saltiness"": 0.3, ""flavor_sweetness"": 0.5, ""flavor_bitterness"": 0.5, ""flavor_spiciness"": 0.5, ""flavor_umami"": 0.5, ""flavor_sourness"": 0.5, ""texture_creamy"": 0.5, ""physics_richness"": 0.5, ""physics_temperature"": 0.5, ""physics_freshness"": 0.5, ""context_price_sensitivity"": 0.5, ""context_portion_preference"": 0.5}","{""texture_crispy"": 1.4, ""physics_temperature"": 0.6, ""_default"": 1.0}"
267,41,Muffin,1.0,0.15,muffin,"{""texture_crispy"": 0.6, ""texture_chewy"": 0.5, ""flavor_saltiness"": 0.3, ""flavor_sweetness"": 0.5, ""flavor_bitterness"": 0.5, ""flavor_spiciness"": 0.5, ""flavor_umami"": 0.5, ""flavor_sourness"": 0.5, ""texture_creamy"": 0.5, ""physics_richness"": 0.5, ""physics_temperature"": 0.5, ""physics_freshness"": 0.5, ""context_price_sensitivity"": 0.5, ""context_portion_preference"": 0.5}","{""texture_crispy"": 1.4, ""physics_temperature"": 0.6, ""_default"": 1.0}"
268,42,Falafel,1.1,0.15,falafel,"{""flavor_umami"": 0.6, ""flavor_saltiness"": 0.5, ""physics_richness"": 0.6, ""flavor_sweetness"": 0.5, ""flavor_bitterness"": 0.5, ""flavor_spiciness"": 0.5, ""flavor_sourness"": 0.5, ""texture_crispy"": 0.5, ""texture_creamy"": 0.5, ""texture_chewy"": 0.5, ""physics_temperature"": 0.9, ""physics_freshness"": 0.5, ""context_price_sensitivity"": 0.5, ""context_portion_preference"": 0.5}","{""flavor_spiciness"": 1.4, ""flavor_umami"": 1.3, ""physics_temperature"": 0.5, ""_default"": 1.0}"
269,42,Hummus Bowl,1.2,0.15,hummus,"{""flavor_umami"": 0.6, ""flavor_saltiness"": 0.5, ""physics_richness"": 0.6, ""flavor_sweetness"": 0.5, ""flavor_bitterness"": 0.5, ""flavor_spiciness"": 0.5, ""flavor_sourness"": 0.5, ""texture_crispy"": 0.5, ""texture_creamy"": 0.5, ""texture_chewy"": 0.5, ""physics_temperature"": 0.2, ""physics_freshness"": 0.5, ""context_price_sensitivity"": 0.5, ""context_portion_preference"": 0.5}","{""flavor_spiciness"": 1.4, ""flavor_umami"": 1.3, ""physics_temperature"": 0.5, ""_default"": 1.0}"
270,42,Tabbouleh,0.8,0.1,tabbouleh salad,"{""flavor_umami"": 0.6, ""flavor_saltiness"": 0.5, ""physics_richness"": 0.6, ""flavor_sweetness"": 0.5, ""flavor_bitterness"": 0.5, ""flavor_spiciness"": 0.5, ""flavor_sourness"": 0.5, ""texture_crispy"": 0.5, ""texture_creamy"": 0.5, ""texture_chewy"": 0.5, ""physics_temperature"": 0.2, ""physics_freshness"": 0.5, ""context_price_sensitivity"": 0.5, ""context_portion_preference"": 0.5}","{""flavor_spiciness"": 1.4, ""flavor_umami"": 1.3, ""physics_temperature"": 0.5, ""_default"": 1.0}"
271,42,Lahmacun,1.1,0.15,lahmacun,"{""flavor_umami"": 0.6, ""flavor_saltiness"": 0.5, ""physics_richness"": 0.6, ""flavor_sweetness"": 0.5, ""flavor_bitterness"": 0.5, ""flavor_spiciness"": 0.5, ""flavor_sourness"": 0.5, ""texture_crispy"": 0.5, ""texture_creamy"": 0.5, ""texture_chewy"": 0.5, ""physics_temperature"": 0.5, ""physics_freshness"": 0.5, ""context_price_sensitivity"": 0.5, ""context_portion_preference"": 0.5}","{""flavor_spiciness"": 1.4, ""flavor_umami"": 1.3, ""physics_temperature"": 0.5, ""_default"": 1.0}"
272,42,Manti,1.4,0.15,manti dumplings,"{""flavor_umami"": 0.6, ""flavor_saltiness"": 0.5, ""physics_richness"": 0.6, ""flavor_sweetness"": 0.5, ""flavor_bitterness"": 0.5, ""flavor_spiciness"": 0.5, ""flavor_sourness"": 0.5, ""texture_crispy"": 0.5, ""texture_creamy"": 0.5, ""texture_chewy"": 0.5, ""physics_temperature"": 0.5, ""physics_freshness"": 0.5, ""context_price_sensitivity"": 0.5, ""context_portion_preference"": 0.5}","{""flavor_spiciness"": 1.4, ""flavor_umami"": 1.3, ""physics_temperature"": 0.5, ""_default"": 1.0}"
273,42,Turecki Chleb,0.4,0.05,turkish bread,"{""flavor_umami"": 0.6, ""flavor_saltiness"": 0.5, ""physics_richness"": 0.6, ""flavor_sweetness"": 0.5, ""flavor_bitterness"": 0.5, ""flavor_spiciness"": 0.5, ""flavor_sourness"": 0.5, ""texture_crispy"": 0.5, ""texture_creamy"": 0.5, ""texture_chewy"": 0.5, ""physics_temperature"": 0.5, ""physics_freshness"": 0.5, ""context_price_sensitivity"": 0.5, ""context_portion_preference"": 0.5}","{""flavor_spiciness"": 1.4, ""flavor_umami"": 1.3, ""physics_temperature"": 0.5, ""_default"": 1.0}"
274,43,Risotto al Pomodoro,0.95,0.114,tomato risotto,"{""texture_creamy"": 1.0, ""flavor_umami"": 0.7, ""physics_richness"": 1.0, ""physics_temperature"": 0.8, ""flavor_sweetness"": 0.5, ""flavor_bitterness"": 0.5, ""flavor_spiciness"": 0.5, ""flavor_sourness"": 0.5, ""flavor_saltiness"": 0.5, ""texture_crispy"": 0.5, ""texture_chewy"": 0.5, ""physics_freshness"": 0.5, ""context_price_sensitivity"": 0.5, ""context_portion_preference"": 0.5}","{""physics_richness"": 1.4, ""texture_creamy"": 1.3, ""physics_temperature"": 0.1, ""_default"": 1.0}"
275,43,Risotto ai Frutti di Mare,1.35,0.114,seafood risotto,"{""texture_creamy"": 1.0, ""flavor_umami"": 0.7, ""physics_richness"": 1.0, ""physics_temperature"": 0.8, ""flavor_sweetness"": 0.5, ""flavor_bitterness"": 0.5, ""flavor_spiciness"": 0.5, ""flavor_sourness"": 0.5, ""flavor_saltiness"": 0.5, ""texture_crispy"": 0.5, ""texture_chewy"": 0.5, ""physics_freshness"": 0.5, ""context_price_sensitivity"": 0.5, ""context_portion_preference"": 0.5}","{""physics_richness"": 1.4, ""texture_creamy"": 1.3, ""physics_temperature"": 0.1, ""_default"": 1.0}"
276,43,Risotto alla Milanese,1.1,0.114,saffron risotto,"{""texture_creamy"": 1.0, ""flavor_umami"": 0.7, ""physics_richness"": 1.0, ""physics_temperature"": 0.8, ""flavor_sweetness"": 0.5, ""flavor_bitterness"": 0.5, ""flavor_spiciness"": 0.5, ""flavor_sourness"": 0.5, ""flavor_saltiness"": 0.5, ""texture_crispy"": 0.5, ""texture_chewy"": 0.5, ""physics_freshness"": 0.5, ""context_price_sensitivity"": 0.5, ""context_portion_preference"": 0.5}","{""physics_richness"": 1.4, ""texture_creamy"": 1.3, ""physics_temperature"": 0.1, ""_default"": 1.0}"
277,43,Risotto con Zucca,1.05,0.114,pumpkin risotto,"{""texture_creamy"": 1.0, ""flavor_umami"": 0.7, ""physics_richness"": 1.0, ""physics_temperature"": 0.8, ""flavor_sweetness"": 0.5, ""flavor_bitterness"": 0.5, ""flavor_spiciness"": 0.5, ""flavor_sourness"": 0.5, ""flavor_saltiness"": 0.5, ""texture_crispy"": 0.5, ""texture_chewy"": 0.5, ""physics_freshness"": 0.5, ""context_price_sensitivity"": 0.5, ""context_portion_preference"": 0.5}","{""physics_richness"": 1.4, ""texture_creamy"": 1.3, ""physics_temperature"": 0.1, ""_default"": 1.0}"
278,44,Pieczony Ziemniak,0.86,0.143,baked potato,"{""flavor_saltiness"": 0.5, ""flavor_sweetness"": 0.5, ""flavor_bitterness"": 0.5, ""flavor_spiciness"": 0.5, ""flavor_umami"": 0.5, ""flavor_sourness"": 0.5, ""texture_crispy"": 0.5, ""texture_creamy"": 0.5, ""texture_chewy"": 0.5, ""physics_richness"": 0.5, ""physics_temperature"": 0.9, ""physics_freshness"": 0.5, ""context_price_sensitivity"": 0.5, ""context_portion_preference"": 0.5}","{""physics_temperature"": 0.5, ""_default"": 1.0}"
279,44,Grillowane Warzywa,1.07,0.143,grilled vegetables,"{""flavor_saltiness"": 0.5, ""flavor_sweetness"": 0.5, ""flavor_bitterness"": 0.5, ""flavor_spiciness"": 0.5, ""flavor_umami"": 0.5, ""flavor_sourness"": 0.5, ""texture_crispy"": 0.5, ""texture_creamy"": 0.5, ""texture_chewy"": 0.5, ""physics_richness"": 0.2, ""physics_temperature"": 0.9, ""physics_freshness"": 0.5, ""context_price_sensitivity"": 0.5, ""context_portion_preference"": 0.5}","{""physics_temperature"": 0.5, ""_default"": 1.0}"
280,45,Mojito,1.0,0.143,mojito,"{""flavor_sweetness"": 0.6, ""physics_temperature"": 0.2, ""flavor_bitterness"": 0.5, ""flavor_spiciness"": 0.5, ""flavor_umami"": 0.5, ""flavor_sourness"": 0.5, ""flavor_saltiness"": 0.5, ""texture_crispy"": 0.5, ""texture_creamy"": 0.5, ""texture_chewy"": 0.5, ""physics_richness"": 0.5, ""physics_freshness"": 0.5, ""context_price_sensitivity"": 0.5, ""context_portion_preference"": 0.5}","{""physics_temperature"": 0.3, ""flavor_sweetness"": 1.4, ""_default"": 1.0}"
281,45,Margarita,1.07,0.143,margarita cocktail,"{""flavor_sweetness"": 0.6, ""physics_temperature"": 0.2, ""flavor_bitterness"": 0.5, ""flavor_spiciness"": 0.5, ""flavor_umami"": 0.5, ""flavor_sourness"": 0.5, ""flavor_saltiness"": 0.5, ""texture_crispy"": 0.5, ""texture_creamy"": 0.5, ""texture_chewy"": 0.5, ""physics_richness"": 0.5, ""physics_freshness"": 0.5, ""context_price_sensitivity"": 0.5, ""context_portion_preference"": 0.5}","{""physics_temperature"": 0.3, ""flavor_sweetness"": 1.4, ""_default"": 1.0}"
282,45,Gin & Tonic,1.0,0.143,gin and tonic,"{""flavor_sweetness"": 0.6, ""physics_temperature"": 0.2, ""flavor_bitterness"": 0.5, ""flavor_spiciness"": 0.5, ""flavor_umami"": 0.5, ""flavor_sourness"": 0.5, ""flavor_saltiness"": 0.5, ""texture_crispy"": 0.5, ""texture_creamy"": 0.5, ""texture_chewy"": 0.5, ""physics_richness"": 0.5, ""physics_freshness"": 0.5, ""context_price_sensitivity"": 0.5, ""context_portion_preference"": 0.5}","{""physics_temperature"": 0.3, ""flavor_sweetness"": 1.4, ""_default"": 1.0}"
283,45,Aperol Spritz,0.93,0.107,aperol spritz,"{""flavor_sweetness"": 0.6, ""physics_temperature"": 0.2, ""flavor_bitterness"": 0.5, ""flavor_spiciness"": 0.5, ""flavor_umami"": 0.5, ""flavor_sourness"": 0.5, ""flavor_saltiness"": 0.5, ""texture_crispy"": 0.5, ""texture_creamy"": 0.5, ""texture_chewy"": 0.5, ""physics_richness"": 0.5, ""physics_freshness"": 0.5, ""context_price_sensitivity"": 0.5, ""context_portion_preference"": 0.5}","{""physics_temperature"": 0.3, ""flavor_sweetness"": 1.4, ""_default"": 1.0}"
284,46,Koktajl Mleczny Klasyczny,1.0,0.133,milkshake,"{""flavor_sweetness"": 0.8, ""texture_creamy"": 0.8, ""physics_temperature"": 0.2, ""flavor_bitterness"": 0.5, ""flavor_spiciness"": 0.5, ""flavor_umami"": 0.5, ""flavor_sourness"": 0.5, ""flavor_saltiness"": 0.5, ""texture_crispy"": 0.5, ""texture_chewy"": 0.5, ""physics_richness"": 0.5, ""physics_freshness"": 0.5, ""context_price_sensitivity"": 0.5, ""context_portion_preference"": 0.5}","{""flavor_sweetness"": 1.6, ""texture_creamy"": 1.4, ""physics_temperature"": 0.2, ""flavor_spiciness"": 0.1, ""flavor_saltiness"": 0.2, ""_default"": 1.0}"
285,46,Koktajl Czekoladowy,1.0,0.133,chocolate milkshake,"{""flavor_sweetness"": 1.0, ""texture_creamy"": 0.8, ""physics_temperature"": 0.2, ""flavor_bitterness"": 0.5, ""flavor_spiciness"": 0.5, ""flavor_umami"": 0.5, ""flavor_sourness"": 0.5, ""flavor_saltiness"": 0.3, ""texture_crispy"": 0.5, ""texture_chewy"": 0.5, ""physics_richness"": 0.5, ""physics_freshness"": 0.5, ""context_price_sensitivity"": 0.5, ""context_portion_preference"": 0.5}","{""flavor_sweetness"": 1.6, ""texture_creamy"": 1.4, ""physics_temperature"": 0.2, ""flavor_spiciness"": 0.1, ""flavor_saltiness"": 0.2, ""_default"": 1.0}"
286,46,Shake Czekoladowy,0.94,0.118,chocolate milkshake,"{""flavor_sweetness"": 0.8, ""texture_creamy"": 0.8, ""physics_temperature"": 0.2, ""flavor_bitterness"": 0.5, ""flavor_spiciness"": 0.5, ""flavor_umami"": 0.5, ""flavor_sourness"": 0.5, ""flavor_saltiness"": 0.5, ""texture_crispy"": 0.5, ""texture_chewy"": 0.5, ""physics_richness"": 0.5, ""physics_freshness"": 0.5, ""context_price_sensitivity"": 0.5, ""context_portion_preference"": 0.5}","{""flavor_sweetness"": 1.6, ""texture_creamy"": 1.4, ""physics_temperature"": 0.2, ""flavor_spiciness"": 0.1, ""flavor_saltiness"": 0.2, ""_default"": 1.0}"
287,46,Shake Waniliowy,0.94,0.118,vanilla milkshake,"{""flavor_sweetness"": 0.8, ""texture_creamy"": 0.8, ""physics_temperature"": 0.2, ""flavor_bitterness"": 0.5, ""flavor_spiciness"": 0.5, ""flavor_umami"": 0.5, ""flavor_sourness"": 0.5, ""flavor_saltiness"": 0.5, ""texture_crispy"": 0.5, ""texture_chewy"": 0.5, ""physics_richness"": 0.5, ""physics_freshness"": 0.5, ""context_price_sensitivity"": 0.5, ""context_portion_preference"": 0.5}","{""flavor_sweetness"": 1.6, ""texture_creamy"": 1.4, ""physics_temperature"": 0.2, ""flavor_spiciness"": 0.1, ""flavor_saltiness"": 0.2, ""_default"": 1.0}"
288,46,Shake Truskawkowy,1.0,0.118,strawberry milkshake,"{""flavor_sweetness"": 0.8, ""texture_creamy"": 0.8, ""physics_temperature"": 0.2, ""flavor_bitterness"": 0.5, ""flavor_spiciness"": 0.5, ""flavor_umami"": 0.5, ""flavor_sourness"": 0.5, ""flavor_saltiness"": 0.5, ""texture_crispy"": 0.5, ""texture_chewy"": 0.5, ""physics_richness"": 0.5, ""physics_freshness"": 0.5, ""context_price_sensitivity"": 0.5, ""context_portion_preference"": 0.5}","{""flavor_sweetness"": 1.6, ""texture_creamy"": 1.4, ""physics_temperature"": 0.2, ""flavor_spiciness"": 0.1, ""flavor_saltiness"": 0.2, ""_default"": 1.0}"
289,46,Shake Bananowy,0.94,0.118,banana milkshake,"{""flavor_sweetness"": 0.8, ""texture_creamy"": 0.8, ""physics_temperature"": 0.2, ""flavor_bitterness"": 0.5, ""flavor_spiciness"": 0.5, ""flavor_umami"": 0.5, ""flavor_sourness"": 0.5, ""flavor_saltiness"": 0.5, ""texture_crispy"": 0.5, ""texture_chewy"": 0.5, ""physics_richness"": 0.5, ""physics_freshness"": 0.5, ""context_price_sensitivity"": 0.5, ""context_portion_preference"": 0.5}","{""flavor_sweetness"": 1.6, ""texture_creamy"": 1.4, ""physics_temperature"": 0.2, ""flavor_spiciness"": 0.1, ""flavor_saltiness"": 0.2, ""_default"": 1.0}"
290,46,Shake Oreo,1.06,0.118,oreo milkshake,"{""flavor_sweetness"": 0.8, ""texture_creamy"": 0.8, ""physics_temperature"": 0.2, ""flavor_bitterness"": 0.5, ""flavor_spiciness"": 0.5, ""flavor_umami"": 0.5, ""flavor_sourness"": 0.5, ""flavor_saltiness"": 0.5, ""texture_crispy"": 0.5, ""texture_chewy"": 0.5, ""physics_richness"": 0.5, ""physics_freshness"": 0.5, ""context_price_sensitivity"": 0.5, ""context_portion_preference"": 0.5}","{""flavor_sweetness"": 1.6, ""texture_creamy"": 1.4, ""physics_temperature"": 0.2, ""flavor_spiciness"": 0.1, ""flavor_saltiness"": 0.2, ""_default"": 1.0}"
291,46,Shake Nutella,1.12,0.118,nutella milkshake,"{""flavor_sweetness"": 0.8, ""texture_creamy"": 0.8, ""physics_temperature"": 0.2, ""flavor_bitterness"": 0.5, ""flavor_spiciness"": 0.5, ""flavor_umami"": 0.5, ""flavor_sourness"": 0.5, ""flavor_saltiness"": 0.5, ""texture_crispy"": 0.5, ""texture_chewy"": 0.5, ""physics_richness"": 0.5, ""physics_freshness"": 0.5, ""context_price_sensitivity"": 0.5, ""context_portion_preference"": 0.5}","{""flavor_sweetness"": 1.6, ""texture_creamy"": 1.4, ""physics_temperature"": 0.2, ""flavor_spiciness"": 0.1, ""flavor_saltiness"": 0.2, ""_default"": 1.0}"
292,46,Shake Karmelowy,1.0,0.118,caramel milkshake,"{""flavor_sweetness"": 0.8, ""texture_creamy"": 0.8, ""physics_temperature"": 0.2, ""flavor_bitterness"": 0.5, ""flavor_spiciness"": 0.5, ""flavor_umami"": 0.5, ""flavor_sourness"": 0.5, ""flavor_saltiness"": 0.5, ""texture_crispy"": 0.5, ""texture_chewy"": 0.5, ""physics_richness"": 0.5, ""physics_freshness"": 0.5, ""context_price_sensitivity"": 0.5, ""context_portion_preference"": 0.5}","{""flavor_sweetness"": 1.6, ""texture_creamy"": 1.4, ""physics_temperature"": 0.2, ""flavor_spiciness"": 0.1, ""flavor_saltiness"": 0.2, ""_default"": 1.0}"
293,46,Shake Masło Orzechowe,1.06,0.118,peanut butter milkshake,"{""flavor_sweetness"": 0.8, ""texture_creamy"": 1.0, ""physics_temperature"": 0.2, ""flavor_bitterness"": 0.5, ""flavor_spiciness"": 0.5, ""flavor_umami"": 0.5, ""flavor_sourness"": 0.5, ""flavor_saltiness"": 0.5, ""texture_crispy"": 0.9, ""texture_chewy"": 0.5, ""physics_richness"": 1.0, ""physics_freshness"": 0.5, ""context_price_sensitivity"": 0.5, ""context_portion_preference"": 0.5}","{""flavor_sweetness"": 1.6, ""texture_creamy"": 1.4, ""physics_temperature"": 0.2, ""flavor_spiciness"": 0.1, ""flavor_saltiness"": 0.2, ""_default"": 1.0}"
294,46,Shake Pistacjowy,1.12,0.118,pistachio milkshake,"{""flavor_sweetness"": 0.8, ""texture_creamy"": 0.8, ""physics_temperature"": 0.2, ""flavor_bitterness"": 0.5, ""flavor_spiciness"": 0.5, ""flavor_umami"": 0.5, ""flavor_sourness"": 0.5, ""flavor_saltiness"": 0.5, ""texture_crispy"": 0.5, ""texture_chewy"": 0.5, ""physics_richness"": 0.5, ""physics_freshness"": 0.5, ""context_price_sensitivity"": 0.5, ""context_portion_preference"": 0.5}","{""flavor_sweetness"": 1.6, ""texture_creamy"": 1.4, ""physics_temperature"": 0.2, ""flavor_spiciness"": 0.1, ""flavor_saltiness"": 0.2, ""_default"": 1.0}"
295,46,Shake Jagodowy,1.0,0.118,blueberry milkshake,"{""flavor_sweetness"": 0.8, ""texture_creamy"": 0.8, ""physics_temperature"": 0.2, ""flavor_bitterness"": 0.5, ""flavor_spiciness"": 0.5, ""flavor_umami"": 0.5, ""flavor_sourness"": 0.5, ""flavor_saltiness"": 0.5, ""texture_crispy"": 0.5, ""texture_chewy"": 0.5, ""physics_richness"": 0.5, ""physics_freshness"": 0.5, ""context_price_sensitivity"": 0.5, ""context_portion_preference"": 0.5}","{""flavor_sweetness"": 1.6, ""texture_creamy"": 1.4, ""physics_temperature"": 0.2, ""flavor_spiciness"": 0.1, ""flavor_saltiness"": 0.2, ""_default"": 1.0}"
